19910109,X266,TVGUIDE,25503,YES,KEY,YES,BENTON,GALLATIN,UNCOATED,UNCOATED,NO,LINE,YES,Motter94,821,2,TABLOID,NorthUS,1910,55,46,0.3,15,80,0.75,20,6.6,1900,54.9,38.5,0,0,2.5,0.7,34,40,105,100,noband
19910104,B7,MODMAT,47201,YES,KEY,YES,BENTON,GALLATIN,UNCOATED,COATED,NO,LINE,YES,WoodHoe70,815,9,CATALOG,NorthUS,1910,62,40,0.433,16,80,0.75,30,6.5,1850,53.8,39.8,0,0,2.8,0.9,40,40,103.87,100,noband
19910104,T133,MASSEY,39039,YES,KEY,YES,BENTON,GALLATIN,UNCOATED,UNCOATED,NO,LINE,YES,WoodHoe70,816,9,CATALOG,NorthUS,1910,52,40,0.3,16,75,0.3125,30,5.6,1467,55.6,38.8,0,0,2.5,1.3,40,40,108.06,100,noband
19910111,J34,KMART,37351,NO,KEY,YES,BENTON,GALLATIN,UNCOATED,COATED,NO,LINE,YES,WoodHoe70,816,2,TABLOID,NorthUS,1910,50,46,0.3,17,80,0.75,30,0,2100,57.5,42.5,5,0,2.3,0.6,35,40,106.67,100,noband
19910104,T218,MASSEY,38039,YES,KEY,YES,BENTON,GALLATIN,UNCOATED,UNCOATED,NO,LINE,YES,WoodHoe70,816,2,CATALOG,NorthUS,1910,50,40,0.267,16.8,76,0.4375,28,8.6,1467,53.8,37.6,5,0,2.5,0.8,40,40,103.87,100,noband
19910111,X249,ROSES,35751,NO,KEY,YES,BENTON,GALLATIN,COATED,COATED,NO,LINE,YES,Motter94,827,2,TABLOID,CANADIAN,1911,50,46,0.3,16.5,75,0.75,30,0,2600,62.5,37.5,6,0,2.5,0.6,30,40,106.67,100,noband
19910111,X788,ROSES,35751,NO,KEY,YES,BENTON,GALLATIN,COATED,COATED,NO,LINE,YES,Motter94,827,9,TABLOID,CANAdiAN,1911,50,46,0.2,16.5,75,0.75,28,0,2600,62.5,37.5,6,0,2.5,1.1,30,40,106.67,100,noband
19910114,I320,CHILDCRAFT,37000,YES,KEY,YES,BENTON,GALLATIN,UNCOATED,UNCOATED,NO,LINE,YES,WoodHoe70,815,2,CATALOG,NorthUS,1911,65,43,0.333,16,75,1,32,22.7,1750,45.5,31.8,0,0,3,1,38,40,106.66,100,noband
19910114,I337,CHILDCRAFT,37000,YES,KEY,YES,BENTON,GALLATIN,UNCOATED,UNCOATED,NO,LINE,YES,WoodHoe70,815,9,CATALOG,NorthUS,1910,65,43,0.2,16,68,0.75,30,15.5,1750,48.5,35.9,0,0,3,1,38,40,106.6,100,noband
19910117,X273,HANOVRHOUS,35539,YES,KEY,YES,BENTON,GALLATIN,UNCOATED,UNCOATED,NO,LINE,YES,Motter94,821,2,TABLOID,NorthUS,1911,50,43,0.267,16,75,1,20,15.8,1600,49.5,34.7,0,0,2.5,1,38,40,103.22,100,noband
19910103,F108,MODMAT,47201,NO,KEY,YES,BENTON,GALLATIN,COATED,COATED,NO,LINE,NO,Motter70,813,9,CATALOG,NorthUS,1911,40,45,0.233,15,87,1,30,0,1400,62.5,37.5,0,0,2.5,1,40,40,103.22,100,band
19910129,F237,HOMESHOP,38064,NO,KEY,YES,BENTON,GALLATIN,COATED,COATED,NO,LINE,NO,Motter70,813,5,CATALOG,CANADIAN,1911,30,45,0.2,14,65,0.75,30,0,1600,62.5,37.5,0,0,2.5,0.8,33,40,100,100,noband
19910129,F267,HOMESHOP,38064,NO,KEY,YES,BENTON,GALLATIN,COATED,COATED,NO,LINE,NO,Motter70,813,1,CATALOG,CANADIAN,1911,30,45,0.2,15.5,65,0.75,30,5.9,1600,58.8,35.3,0,0,2.5,1.8,33,40,100,100,noband
19910123,S21,USCAV,35521,YES,KEY,YES,BENTON,GALLATIN,UNCOATED,UNCOATED,NO,LINE,YES,Motter70,813,5,CATALOG,CANADIAN,1910,60,38,0.267,16.4,64,0.75,30,11,1400,54.9,34.1,0,0,2.5,1,32,40,103.22,100,noband
19910123,F492,USCAV,35521,YES,KEY,YES,BENTON,GALLATIN,UNCOATED,UNCOATED,NO,LINE,YES,Motter70,813,1,CATALOG,CANADIAN,1911,60,38,0.333,16.5,66,0.75,30,6.7,1400,56.2,37.1,0,0,1.1,1.4,32,40,103.22,100,noband
19910130,X799,COLORTIL,37571,NO,KEY,YES,BENTON,GALLATIN,COATED,COATED,NO,NAPTHA,NO,Motter94,824,2,TABLOID,CANADIAN,1911,50,45,0.233,16,70,0.8125,30,0,2400,58.8,41.2,0,0,1.7,1,30,40,107.4,100,noband
19910130,X823,COLORTIL,35751,NO,KEY,YES,BENTON,GALLATIN,COATED,COATED,NO,NAPTHA,YES,Motter94,824,9,TABLOID,CANADIAN,1911,40,45,0.2,15,76,0.8125,30,0,2400,62.5,37.5,0,0,1,1,30,40,107.4,100,noband
19910117,X163,WARDS,37340,NO,KEY,YES,BENTON,GALLATIN,COATED,COATED,NO,LINE,YES,Motter94,824,2,TABLOID,CANADIAN,1911,30,43,0.2,16.3,70,0.8125,25,1.2,2200,58.1,40.7,4,0,2,1,30,40,96.875,100,noband
19910130,E72,KMART,37352,NO,KEY,YES,BENTON,GALLATIN,UNCOATED,COATED,NO,LINE,YES,Motter94,827,9,TABLOID,SCANDANAVIAN,1911,50,45,0.3,15,76,1,30,8,2150,57.5,34.5,0,0,2.5,1,35,40,107.4,100,noband
19910130,E310,KMART,37352,NO,KEY,YES,BENTON,GALLATIN,UNCOATED,COATED,NO,LINE,YES,Motter94,827,2,TABLOID,SCANDANAVIAN,1911,50,45,0.3,15.2,72,1,25,5.9,2150,58.8,35.3,0,0,2.5,1,35,40,107.4,100,noband
19910206,J9,KMART,37352,NO,KEY,YES,BENTON,GALLATIN,UNCOATED,COATED,NO,LINE,YES,WoodHoe70,815,2,TABLOID,NorthUS,1911,37.5,44,0.2,16,90,0.75,28,20,2050,45,35,0,0,2.4,0.8,35,40,107.4,100,noband
19910206,J582,KMART,37352,NO,KEY,YES,BENTON,GALLATIN,UNCOATED,COATED,NO,LINE,YES,WoodHoe70,815,9,TABLOID,NorthUS,1911,37.5,44,0.2,16.5,91,0.75,30,21.7,2050,43.5,34.8,0,0,2.7,0.8,35,40,107.4,100,noband
19910206,X141,TVGUIDE,25507,YES,KEY,YES,BENTON,GALLATIN,UNCOATED,UNCOATED,NO,LINE,YES,Motter94,821,2,TABLOID,NorthUS,1911,45,44,0.267,14.1,78,0.625,22,7.6,1510,54.3,38,0,0,2.5,0.7,34,40,114.28,100,noband
19910206,X818,TVGUIDE,25507,YES,KEY,YES,BENTON,GALLATIN,UNCOATED,UNCOATED,NO,LINE,YES,Motter94,821,7,TABLOID,NorthUS,1910,40,44,0.2,14,69,0.625,20,8.5,1510,53.2,38.3,2,0,2.5,0.9,34,40,110,100,noband
19910211,M254,ABBYPRESS,27490,NO,KEY,YES,BENTON,GALLATIN,COATED,COATED,NO,LINE,YES,Motter70,813,1,CATALOG,NorthUS,1911,30,42,0.2,15.4,64,0.875,30,0,1425,63,37,0,0,1,1.3,34,40,107.4,100,noband
19910113,J33,BELKS,35334,YES,KEY,YES,BENTON,GALLATIN,UNCOATED,UNCOATED,NO,LINE,YES,WoodHoe70,816,2,TABLOID,NorthUS,1911,40,43,0.267,16,96,1,28,0,1500,58.8,41.2,2,0,3,0.8,40,40,103.12,100,noband
19910213,J43,BELKS,35334,YES,KEY,YES,BENTON,GALLATIN,UNCOATED,UNCOATED,NO,LINE,YES,WoodHoe70,816,9,TABLOID,NorthUS,1911,32.5,43,0.2,15,82,1,31,7.6,1500,54.3,38,4,0,2.5,1,40,40,103.12,100,noband
19910212,I357,SEARS,37869,NO,KEY,YES,BENTON,GALLATIN,UNCOATED,COATED,NO,LINE,YES,WoodHoe70,815,9,CATALOG,NorthUS,1911,37.5,44,0.3,15,85,0.75,34,0,1400,62.5,37.5,0,0,2.8,1,28,40,103.12,100,noband
19910212,I353,SEARS,37869,NO,KEY,YES,BENTON,GALLATIN,UNCOATED,COATED,NO,LINE,YES,WoodHoe70,815,2,CATALOG,NorthUS,1910,35,44,0.3,16,80,1,32,7,1400,58.1,34.9,0,0,3,1,28,40,103.12,100,noband
19910211,M254,ABBYPRESS,27490,NO,KEY,YES,BENTON,GALLATIN,COATED,COATED,NO,LINE,YES,Motter70,813,1,CATALOG,NorthUS,1911,30,42,0.2,15.4,64,0.875,30,0,1425,61.7,38.3,0,0,1,1.3,34,40,107.4,100,noband
19910214,X291,ROSES,35752,NO,KEY,YES,BENTON,GALLATIN,COATED,COATED,NO,LINE,YES,Motter94,824,9,TABLOID,CANADIAN,1910,50,43,0.2,16,82,0.875,30,0,2270,55.6,44.4,12,0,2,1,30,40,103.22,100,noband
19910214,X129,ROSES,35752,NO,KEY,YES,BENTON,GALLATIN,COATED,COATED,NO,LINE,YES,Motter94,824,2,TABLOID,CANADIAN,1910,50,43,0.3,16.3,80,0.8125,30,0,2270,55.6,44.4,12,0,1.5,1.5,30,40,103.22,100,noband
19910214,X297,JCPENNY,35794,NO,KEY,YES,BENTON,GALLATIN,UNCOATED,COATED,NO,LINE,YES,Motter94,827,2,TABLOID,NorthUS,1911,60,43,0.267,15.8,57,0.75,24,1.2,1480,58.1,40.7,0,0,1.4,1.7,33,40,103.12,100,noband
19910214,X146,JCPENNY,35794,NO,KEY,YES,BENTON,GALLATIN,UNCOATED,COATED,NO,LINE,YES,Motter94,827,9,TABLOID,NorthUS,1911,52.5,43,0.233,16.6,58,0.75,20,7.9,1480,56.2,36,0,0,1.7,0.7,33,40,103.12,100,noband
19910213,X129,ROSES,35752,NO,KEY,YES,BENTON,GALLATIN,COATED,COATED,NO,LINE,YES,Motter94,824,2,TABLOID,NorthUS,1910,50,43,0.3,17,87,0.8125,35,0,2300,58.8,41.2,0,0,1.3,0.7,30,40,103.22,100,noband
19910215,E303,CENPURCH,37441,NO,KEY,YES,BENTON,GALLATIN,COATED,COATED,NO,LINE,YES,Motter94,821,2,TABLOID,CANADIAN,1911,25,38,0.2,13,75,0.625,25,0,1600,57.5,42.5,0,0,2.5,0.85,30,40,103.12,100,noband
19910215,E68,CENPURCH,37441,NO,KEY,YES,BENTON,GALLATIN,COATED,COATED,NO,LINE,YES,Motter94,821,7,TABLOID,CANADIAN,1911,25,38,0.233,14,70,0.625,25,0,1600,58.8,41.2,5,0,1.7,0.9,30,40,103.12,100,noband
19910221,J42,KMART,37354,NO,KEY,YES,BENTON,GALLATIN,UNCOATED,UNCOATED,NO,LINE,YES,WoodHoe70,816,9,TABLOID,SCANDANAVIAN,1911,40,46,0.333,15.9,78,0.5,34,2.4,2000,61,36.6,0,0,2.4,1.3,35,40,103.22,100,noband
19910223,X53,BELK,35335,YES,KEY,YES,BENTON,GALLATIN,UNCOATED,UNCOATED,NO,LINE,YES,Motter94,827,2,TABLOID,NorthUS,1911,45,41,0.333,17,78,0.75,16,14.1,1100,50.5,35.4,0,0,2.5,1,50,40,96.97,100,band
19910223,X821,BELK,37335,YES,KEY,YES,BENTON,GALLATIN,UNCOATED,UNCOATED,NO,LINE,YES,Motter94,827,2,TABLOID,NorthUS,1911,47.5,41,0.233,16.5,72,0.75,20,14.1,1300,50.5,35.4,4,0,2.5,1,50,40,96.97,100,band
19910220,X118,TOYSRUS,35870,NO,KEY,NO,BENTON,GALLATIN,COATED,COATED,NO,LINE,NO,Motter94,824,2,TABLOID,CANADIAN,1910,40,46,0.2,15,68,0.75,28,0,1700,58.8,41.2,0,0,1,1,33,40,103.22,100,noband
19910220,X826,TOYSRUS,35870,NO,KEY,NO,BENTON,GALLATIN,COATED,COATED,NO,LINE,NO,Motter94,824,9,TABLOID,CANADIAN,1911,40,46,0.267,16.5,68,0.875,25,0,1700,58.8,41.2,0,0,1,1,33,40,103.125,100,noband
19910216,R23,TARGET,35811,NO,KEY,YES,BENTON,GALLATIN,COATED,COATED,NO,LINE,YES,WoodHoe70,815,9,SPIEGEL,CANADIAN,1911,40,35,0.233,18,85,0.625,30,0,2000,62.5,37.5,0,0,2.5,0.9,30,40,103.125,100,noband
19910213,X291,ROSES,35752,NO,KEY,YES,BENTON,GALLATIN,COATED,COATED,NO,LINE,YES,Motter94,824,9,TABLOID,CANADIAN,1910,50,43,0.2,17,84,0.75,35,0,2300,55.6,44.4,0,0,2,0.8,30,40,103.22,100,noband
19910215,I354,SEARS,37869,NO,KEY,YES,BENTON,GALLATIN,UNCOATED,COATED,NO,LINE,YES,Albert70,802,7,CATALOG,NorthUS,1911,35,38,0.4,12,62,0.75,46,4.7,1400,58.8,36.5,0,0,2,1,28,40,103.125,100,noband
19910215,I358,SEARS,37869,NO,KEY,YES,BENTON,GALLATIN,UNCOATED,COATED,NO,LINE,YES,Albert70,802,2,CATALOG,NorthUS,1911,35,38,0.433,16,70,0.75,50,0,1400,62.5,37.5,0,0,2.8,1.5,28,40,103.125,100,noband
19910303,E84,KMART,37386,YES,KEY,YES,BENTON,GALLATIN,UNCOATED,UNCOATED,NO,LINE,NO,Motter94,827,9,TABLOID,SouthUS,1910,40,47,0.35,14.43,76,0.75,16,7.2,2000,51.5,41.2,1,0,2.7,1.4,40,40,100,100,band
19910301,E69,KMART,37386,YES,KEY,YES,BENTON,GALLATIN,UNCOATED,UNCOATED,NO,LINE,YES,Motter94,827,2,TABLOID,SouthUS,1910,40,39,0.233,15,77,0.75,20,9.4,2000,52.1,38.5,0,0,2.5,1,40,40,103.22,100,noband
19910301,E77,KMART,37386,YES,KEY,YES,BENTON,GALLATIN,UNCOATED,UNCOATED,NO,LINE,YES,Motter94,827,9,TABLOID,SouthUS,1910,40,39,0.2,15,79,0.75,20,11.8,2000,49,39.2,0,0,2.5,1,40,40,103.22,100,noband
19910309,E83,KMART,37386,NO,KEY,YES,BENTON,GALLATIN,UNCOATED,UNCOATED,NO,LINE,YES,Motter94,827,2,TABLOID,SouthUS,1911,40,43,0.267,14.2,68,0.75,18,0,2000,62.5,37.5,0,0,2.5,1.2,40,40,106.45,100,band
19910311,E83,KMART,27386,NO,KEY,YES,BENTON,GALLATIN,UNCOATED,UNCOATED,NO,LINE,NO,Motter94,827,2,TABLOID,SouthUS,1911,40,40,0.267,16.4,72,1,26,0,2000,62.5,37.5,0,0,2.5,1,40,40,106.45,100,band
19910227,E90,KMART,37254,NO,KEY,YES,BENTON,GALLATIN,UNCOATED,COATED,NO,LINE,YES,Motter94,821,7,TABLOID,NorthUS,1911,42.5,41,0.3,14,70,0.625,20,2.3,1750,57.5,40,4,0,2.5,0.7,35,40,96.97,100,noband
19910302,X271,ECKERD,35457,NO,KEY,YES,BENTON,GALLATIN,COATED,COATED,NO,LINE,YES,Motter94,828,9,TABLOID,CANADIAN,1910,35,39,0.2,16.2,84,1,30,0,2100,62.5,37.5,4,0,2,0.9,30,40,94.117,100,noband
19910307,F308,MODMAT,47202,NO,KEY,YES,BENTON,GALLATIN,COATED,UNCOATED,NO,LINE,YES,Motter70,813,9,CATALOG,NorthUS,1910,35,45,0.3,14.1,65,1,30,0,1500,59.5,40.5,0,0,2.6,1,40,40,109.67,100,noband
19910308,T281,MODMAT,47202,NO,KEY,YES,BENTON,GALLATIN,UNCOATED,UNCOATED,NO,XYLOL,YES,Albert70,802,2,CATALOG,NorthUS,1910,50,43,0.333,14.02,68,0.75,56,7.4,1800,53.2,39.4,0,0.5,3,1.3,40,40,109.67,100,noband
19910307,F067,MODMAT,47202,NO,KEY,YES,BENTON,GALLATIN,UNCOATED,UNCOATED,NO,LINE,YES,WoodHoe70,816,2,CATALOG,NorthUS,1910,67.5,45,0.2,15.5,80,0.5,34,16.3,1683,43.5,40.2,6,0,2.5,1,40,40,109.67,100,noband
19910310,X405,AMES,37163,NO,KEY,YES,BENTON,GALLATIN,COATED,COATED,NO,LINE,YES,Motter94,821,2,TABLOID,CANADIAN,1910,55,37,0.267,16,75,0.625,20,5.6,1850,55.6,38.9,0,0,0.8,0.75,33,40,109.67,100,noband
19910227,E91,KMART,37354,NO,KEY,YES,BENTON,GALLATIN,UNCOATED,COATED,NO,LINE,YES,Motter94,821,2,TABLOID,NorthUS,1911,42.5,41,0.2,14,80,0.625,20,7.4,1750,53.2,39.4,0,0,2.1,0.9,35,40,96.97,100,noband
19910307,F615,MODMAT,47202,YES,KEY,YES,BENTON,GALLATIN,UNCOATED,UNCOATED,NO,LINE,YES,Motter70,813,1,CATALOG,NorthUS,1910,52.5,45,0.2,15.3,72,0.75,30,12.4,1600,51.5,36.1,0,0,2.5,1,40,40,109.67,100,noband
19910307,F510,MODMAT,47202,NO,KEY,YES,BENTON,GALLATIN,COATED,UNCOATED,NO,LINE,YES,Motter70,813,10,CATALOG,NorthUS,1910,35,45,0.2,15.2,63,1,30,0,1500,59.5,40.5,0,0,2.3,0.9,40,40,109.67,100,noband
19910307,F670,MODMAT,47202,YES,KEY,YES,BENTON,GALLATIN,UNCOATED,UNCOATED,NO,LINE,YES,Motter70,813,5,CATALOG,NorthUS,1910,52.5,45,0.233,16,68,0.75,30,0,1600,58.8,41.2,4,0,2.3,0.8,40,40,109.67,100,noband
19910314,F670,MODMAT,47202,YES,KEY,YES,BENTON,GALLATIN,UNCOATED,UNCOATED,NO,LINE,YES,Motter70,813,5,CATALOG,NorthUS,1910,52.5,37,0.233,14,73,0.75,30,9.6,1600,53.2,37.2,0,0,2.3,1,40,40,109.67,100,noband
19910309,M402,MODMAT,47202,YES,KEY,YES,BENTON,GALLATIN,UNCOATED,UNCOATED,NO,LINE,YES,Motter70,813,9,CATALOG,NorthUS,1910,52.5,43,0.267,15.1,76,0.5,31,6.6,1650,54.9,38.5,0,0,2.5,1.5,40,40,109.67,100,noband
19910316,X18,KMART,37355,NO,KEY,YES,BENTON,GALLATIN,UNCOATED,COATED,NO,LINE,YES,Motter94,828,9,TABLOID,SCANDANAVIAN,1910,40,44,0.2,16.1,78,0.9375,30,5.6,1800,55.6,38.9,0,0,2,1,35,40,103.22,100,noband
19910314,F615,MODMAT,47202,YES,KEY,YES,BENTON,GALLATIN,UNCOATED,UNCOATED,NO,LINE,YES,Motter70,813,1,CATALOG,NorthUS,1910,52.5,37,0.2,15,66,0.75,30,13.3,1600,55.6,42.2,0,0,2.4,0.8,40,40,100,100,noband
19910318,F310,KMART,37355,NO,KEY,YES,BENTON,GALLATIN,UNCOATED,COATED,NO,LINE,YES,Motter94,827,2,TABLOID,NorthUS,1910,40,43,0.35,16.5,72,0.625,20,9.1,2000,56.8,34.1,4,0,2.5,0.5,35,40,103.22,100,noband
19910318,F72,KMART,37355,NO,KEY,YES,BENTON,GALLATIN,UNCOATED,COATED,NO,LINE,YES,Motter94,827,9,TABLOID,NorthUS,1910,40,43,0.35,16.1,70,0.625,20,11.1,2000,55.6,33.3,4,0,1.8,0.9,35,40,103.22,100,noband
19910319,X308,ROSES,35753,NO,KEY,YES,BENTON,GALLATIN,COATED,COATED,NO,LINE,YES,Motter94,824,9,TABLOID,CANADIAN,1910,40,43,0.267,16,80,0.5625,30,5.6,1900,55.6,38.9,0,0,2.2,1.3,30,40,103.22,100,noband
19910322,G404,JCP,38051,NO,KEY,YES,BENTON,GALLATIN,UNCOATED,COATED,NO,LINE,YES,WoodHoe70,816,2,TABLOID,NorthUS,1910,60,49,0.333,14.9,77,0.75,27,0,1650,58.8,41.2,0,0,2.5,0.7,33,40,103.33,100,noband
19910320,X160,TVGUIDE,25513,YES,KEY,YES,BENTON,GALLATIN,UNCOATED,UNCOATED,NO,LINE,YES,Motter94,821,2,TABLOID,NorthUS,1911,45,45,0.2,15.1,75,0.625,20,15,1750,50,35,0,0,1.6,0.9,34,40,103.22,100,noband
19910322,G416,JCP,38051,NO,KEY,YES,BENTON,GALLATIN,UNCOATED,COATED,NO,LINE,YES,WoodHoe70,816,9,TABLOID,NorthUS,1910,55,49,0.2,15.6,74,0.75,24,0,1650,58.8,41.2,0,0,2.5,1.7,33,40,103.33,100,noband
19910323,X350,KMART,37355,NO,KEY,YES,BENTON,GALLATIN,COATED,COATED,NO,LINE,YES,Motter94,828,2,TABLOID,NorthUS,1911,40,49,0.233,15.3,74,1,34,0,2000,62.5,37.5,0,0,2.2,1,35,40,100,100,noband
19910323,X264,KMART,37355,NO,KEY,YES,BENTON,GALLATIN,COATED,COATED,NO,LINE,YES,Motter94,828,9,TABLOID,NorthUS,1911,40,49,0.233,16.8,78,0.9375,30,0,2000,62.5,37.5,0,0,2.4,0.9,35,40,100,100,noband
19910330,X102,BELK,35534,YES,KEY,YES,BENTON,GALLATIN,UNCOATED,UNCOATED,NO,LINE,NO,Motter94,827,2,TABLOID,NorthUS,1910,42,44,0.3,15,80,1.25,20,16.7,1300,49,34.3,0,0,2.5,0.2,40,40,110,100,noband
19910330,X830,BELK,35534,YES,KEY,YES,BENTON,GALLATIN,UNCOATED,UNCOATED,NO,LINE,NO,Motter94,827,9,TABLOID,NorthUS,1910,45,44,0.3,15.5,75,1.25,20,14.1,1300,50.5,35.4,0,0,2.5,1.5,40,40,110,100,noband
19910405,X118,ROSES,35754,NO,KEY,YES,BENTON,GALLATIN,COATED,COATED,NO,LINE,YES,Motter94,824,2,TABLOID,CANADIAN,1910,50,43,0.3,16,70,0.8125,30,3.4,2400,56.8,39.8,0,0,2.5,0.8,30,40,103.125,100,noband
19910405,X35,ROSES,35754,NO,KEY,YES,BENTON,GALLATIN,COATED,COATED,NO,LINE,YES,Motter94,824,9,TABLOID,CANADIAN,1910,47,43,0.267,16,80,0.5625,30,9.1,2400,50.5,40.4,0,0,2.5,1.1,30,40,103.125,100,noband
19910327,X390,COLORTILE,37572,NO,KEY,YES,BENTON,GALLATIN,COATED,COATED,NO,LINE,YES,Motter94,824,2,TABLOID,CANADIAN,1911,35,48,0.233,16,76,0.8125,30,8.9,1900,49.5,41.6,0,0,2.5,1.2,30,40,103.22,100,noband
19910327,X754,COLORTILE,37572,NO,KEY,YES,BENTON,GALLATIN,COATED,COATED,NO,LINE,YES,Motter94,824,9,TABLOID,CANADIAN,1911,35,48,0.233,16,86,0.5625,30,16.1,1900,44.6,39.3,0,0,2.5,1.5,30,40,103.22,100,noband
19910402,O2,TARGET,35814,NO,KEY,YES,BENTON,GALLATIN,UNCOATED,COATED,NO,LINE,YES,Motter94,827,2,SPIEGEL,CANADIAN,1911,35,43,0.233,14,75,1.25,20,7.6,1800,54.3,38,0,0,2.5,2,33,40,106.66,100,noband
19910402,3,TARGET,35814,NO,KEY,YES,BENTON,GALLATIN,UNCOATED,COATED,NO,LINE,YES,Motter94,827,9,SPIEGEL,CANADIAN,1911,37.5,43,0.233,14,80,1.25,20,6.25,1800,52.1,41.7,0,0,3,1.5,33,40,106.66,100,noband
19910406,F103,BESTPROD,37822,NO,KEY,YES,BENTON,GALLATIN,UNCOATED,COATED,NO,LINE,YES,Motter70,813,1,CATALOG,NorthUS,1910,40,44,0.2,15,68,0.75,30,0,1750,58.8,41.2,0,0,2.7,0.7,35,40,103.125,100,noband
19910406,S180,BESTPROD,37822,NO,KEY,YES,BENTON,GALLATIN,UNCOATED,COATED,NO,LINE,YES,Motter70,813,5,CATALOG,NorthUS,1910,40,44,0.233,15.5,68,0.75,30,5.6,1750,55.6,38.9,0,0,1.5,0.5,35,40,103.125,100,noband
19910502,F416,MODMAT,47203,YES,KEY,YES,BENTON,GALLATIN,COATED,COATED,NO,LINE,NO,Motter70,813,9,CATALOG,NorthUS,1910,55,55,0.3,16.3,100,1,30,0,1650,58.8,41.2,0,0,2.5,1,40,40,106.66,100,band
19910517,X195,TOYSRUS,35982,NO,KEY,NO,BENTON,GALLATIN,COATED,COATED,NO,LINE,NO,Motter94,824,2,TABLOID,CANADIAN,1910,47,67,0.4,16,74,0.8125,38,0,1900,58.8,41.2,2,0,2.5,1.1,33,40,103.125,100,noband
19910517,X405,TOYSRUS,35872,NO,KEY,NO,BENTON,GALLATIN,COATED,COATED,NO,LINE,YES,Motter94,824,9,TABLOID,CANADIAN,1910,47,67,0.333,16,82,0.5625,30,1.5,1900,50.5,34.3,0,0,2.5,1.1,33,40,103.125,100,noband
19910505,M337,MODMAT,47203,YES,KEY,YES,BENTON,GALLATIN,UNCOATED,UNCOATED,NO,LINE,YES,Motter70,813,5,CATALOG,NorthUS,1910,50,52,0.3,17,69,0.75,30,0,1700,58.8,41.2,0,0,2.2,0.9,40,40,106.66,100,noband
19910507,T32,MODMAT,47203,YES,KEY,YES,BENTON,GALLATIN,UNCOATED,UNCOATED,NO,LINE,NO,Albert70,802,7,CATALOG,NorthUS,1910,50,55,0.233,13.34,74,0.625,30,4.8,1635,59.5,35.7,1,0,3,2,40,40,100,100,noband
19910507,M410,MODMAT,47203,YES,KEY,YES,BENTON,GALLATIN,UNCOATED,UNCOATED,NO,LINE,NO,Albert70,802,2,CATALOG,NorthUS,1910,50,55,0.233,13.86,70,0.625,47,10.2,1635,51,38.8,0,0,3,1,40,40,100,100,noband
19910505,E510,MODMAT,47203,YES,KEY,YES,BENTON,GALLATIN,UNCOATED,UNCOATED,NO,LINE,YES,Motter70,813,1,CATALOG,NorthUS,1910,50,52,0.267,15.6,71,0.75,30,20.6,1700,46.7,32.7,0,0,2.5,0.6,40,40,106.66,100,noband
19910426,T380,MODMAT,47203,YES,KEY,YES,BENTON,GALLATIN,UNCOATED,UNCOATED,NO,LINE,YES,Albert70,802,2,CATALOG,NorthUS,1910,50,50,0.2,15.7,90,0.75,50,0,1420,62.5,37.5,0,0,3,1.35,40,40,106.45,100,noband
19910426,F146,MODMAT,47203,YES,KEY,YES,BENTON,GALLATIN,UNCOATED,UNCOATED,NO,LINE,YES,Albert70,802,7,CATALOG,NorthUS,1910,50,50,0.2,15.5,74,0.75,58,4.8,1420,59.5,35.7,3,0,3,1,40,40,106.45,100,noband
19910428,X9,TOYSRUS,35871,NO,KEY,NO,BENTON,GALLATIN,COATED,COATED,NO,LINE,YES,Motter94,824,9,TABLOID,CANADIAN,1911,35,56,0.233,16,82,0.5625,28,5.6,2100,56.2,38.2,0,0,1.7,0.4,30,40,103.125,100,noband
19910428,X21,TOYSRUS,35871,NO,KEY,NO,BENTON,GALLATIN,COATED,COATED,NO,LINE,YES,Motter94,824,2,TABLOID,CANADIAN,1911,35,56,0.2,15,80,0.8125,40,8.6,2100,53.8,37.6,8,0,1.7,1,30,40,100,100,noband
19910419,X220,AMES,37169,NO,KEY,YES,BENTON,GALLATIN,COATED,COATED,NO,LINE,YES,Motter94,824,2,TABLOID,CANADIAN,1911,40,50,0.2,16,68,0.8125,30,0,2400,58.8,41.2,8,0,2.5,1.5,33,40,103.125,100,noband
19910419,X147,AMES,47169,NO,KEY,YES,BENTON,GALLATIN,COATED,COATED,NO,LINE,YES,Motter94,824,9,TABLOID,CANADIAN,1911,40,50,0.233,16,70,0.5625,30,0,2400,58.8,41.2,8,0,1.5,0.5,33,40,103.125,100,noband
19910415,E92,KMART,32360,NO,KEY,YES,BENTON,GALLATIN,UNCOATED,COATED,NO,LINE,YES,Motter94,827,2,TABLOID,NorthUS,1910,40,59,0.233,14.2,80,1,20,5.6,1800,55.6,38.9,0,0,2,2.5,33,40,106.45,100,noband
19910415,E85,KMART,32360,NO,KEY,YES,BENTON,GALLATIN,UNCOATED,COATED,NO,LINE,YES,Motter94,827,9,TABLOID,NorthUS,1911,37.5,59,0.233,16,75,0.75,20,4.3,1800,54.3,41.3,0,0,2.5,1.5,33,40,106.45,100,noband
19910409,F685,BESTPROD,37822,NO,KEY,YES,BENTON,GALLATIN,UNCOATED,COATED,NO,LINE,YES,WoodHoe70,816,9,CATALOG,NorthUS,1911,40,54,0.2,15.8,76,0.5,38,5.6,1736,55.6,38.9,0,0,2.5,1.5,35,40,103.125,100,noband
19910409,F569,BESTPROD,37822,NO,KEY,YES,BENTON,GALLATIN,UNCOATED,COVER,NO,LINE,YES,WoodHoe70,816,2,CATALOG,NorthUS,1911,40,54,0.2,15.4,78,0.5,34,5.7,1736,56.8,36.9,0,0,2.5,1.1,35,40,103.125,100,noband
19910426,X139,HANHOUSE,37994,YES,KEY,YES,BENTON,GALLATIN,UNCOATED,UNCOATED,NO,LINE,NO,Motter94,821,2,TABLOID,NorthUS,1911,55,45,0.267,15.5,79,0.625,20,16.7,1850,54.3,34.3,4,0,2.5,1,34,40,100,100,noband
19910605,X116,ECKERD,35460,NO,KEY,YES,BENTON,GALLATIN,COATED,COATED,NO,LINE,YES,Motter94,824,2,TABLOID,CANADIAN,1910,45,54,0.333,15.5,76,0.8125,30,5.6,2250,55.6,38.9,2,0,2.5,1.3,30,40,106.45,100,noband
19910604,X818,KMART,37365,NO,KEY,YES,BENTON,GALLATIN,UNCOATED,COATED,NO,LINE,YES,Motter94,828,2,TABLOID,SCANDANAVIAN,1910,47.5,68,0.4,16,80,0.75,30,0,2250,58.8,41.2,0,0,1.5,1,35,40,106.45,100,noband
19910604,X346,KMART,37365,NO,KEY,YES,BENTON,GALLATIN,UNCOATED,COATED,NO,LINE,YES,Motter94,828,9,TABLOID,SCANDANAVIAN,1910,47.5,68,0.35,16,80,0.75,30,0,2250,52.1,47.9,0,0,1.5,0.75,35,40,106.45,100,noband
19910605,X103,ECKERD,35460,NO,KEY,YES,BENTON,GALLATIN,COATED,COATED,NO,LINE,YES,Motter94,824,9,TABLOID,CANADIAN,1910,45,54,0.367,15.5,74,0.5625,40,10.5,2250,52.6,36.8,2,0,2.5,1.8,30,40,106.45,100,noband
19910603,E74,KMART,37365,NO,KEY,YES,BENTON,GALLATIN,UNCOATED,COATED,NO,LINE,NO,Motter94,827,2,TABLOID,CANADIAN,1911,37.5,70,0.333,14.9,64,0.75,28,3.4,1500,57.5,39.1,0,0,2.5,1,40,40,106.89,100,noband
19910603,E86,KMART,37365,NO,KEY,YES,BENTON,GALLATIN,UNCOATED,COATED,NO,LINE,YES,Motter94,827,9,TABLOID,CANADIAN,1911,37.5,70,0.4,15,65,0.75,25,5.4,1500,54.3,40.2,0,0,2.3,0.9,40,40,106.66,100,noband
19910529,X396,WARDS,37338,NO,KEY,YES,BENTON,GALLATIN,COATED,COATED,NO,LINE,YES,Motter94,824,2,TABLOID,CANADIAN,1911,47.5,60,0.4,14.5,74,0.8125,20,8.6,1600,53.8,37.6,0,0,2,1.5,35,40,110,100,noband
19910524,X155,ROSES,37758,NO,KEY,YES,BENTON,GALLATIN,COATED,COATED,NO,LINE,YES,Motter94,828,9,TABLOID,CANADIAN,1910,40,62,0.3,16,84,0.9375,28,0,2200,58.8,41.2,4,0,2.5,0.6,30,40,106.45,100,noband
19910524,X29,ROSES,35758,NO,KEY,YES,BENTON,GALLATIN,COATED,COATED,NO,LINE,YES,Motter94,828,2,TABLOID,CANADIAN,1910,40,62,0.267,16,84,0.9375,32,0,2200,58.8,41.2,4,0,1.4,1,30,40,106.45,100,noband
19910430,G518,ECKERD,35458,NO,KEY,YES,BENTON,GALLATIN,COATED,COATED,NO,LINE,YES,WoodHoe70,816,9,TABLOID,CANADIAN,1910,40,64,0.2,15.5,85,1,26,0,2400,58.8,41.2,0,0,2.5,1,30,40,103.125,100,noband
19910430,G608,ECKERD,35458,NO,KEY,YES,BENTON,GALLATIN,COATED,COATED,NO,LINE,YES,WoodHoe70,816,2,TABLOID,CANADIAN,1910,40,64,0.233,15,82,0.75,31,0,2400,60,40,3,0,2.5,1,30,40,106.66,100,noband
19910531,M337,MODMAT,47203,YES,KEY,YES,BENTON,GALLATIN,UNCOATED,UNCOATED,NO,LINE,NO,Albert70,802,7,CATALOG,NorthUS,1910,50,69,0.367,17,82,0.75,50,0,1700,62.5,37.5,0,0,3,1,40,40,106.45,100,band
19910529,X381,WARDS,37338,NO,KEY,YES,BENTON,GALLATIN,COATED,COATED,NO,LINE,NO,Motter94,824,9,TABLOID,CANADIAN,1911,50,60,0.4,16,76,0.5625,28,5.6,1600,55.6,38.9,0,0,1,0.5,35,40,110,100,noband
19910524,J582,HILLS,37915,NO,KEY,YES,BENTON,GALLATIN,COATED,COATED,NO,LINE,YES,WoodHoe70,815,2,TABLOID,NorthUS,1910,50,62,0.4,15.4,98,0.75,25,10.6,1750,48.1,41.3,0,0,2.8,1.3,33,40,110,100,noband
19910524,J62,HILLS,37915,NO,KEY,YES,BENTON,GALLATIN,COATED,COATED,NO,LINE,YES,WoodHoe70,815,9,TABLOID,NorthUS,1911,50,62,0.4,14.9,96,0.75,26,11,1950,50,39,0,0,2.8,0.8,33,40,110,100,noband
19910528,F510,MODMAT,47203,YES,KEY,YES,BENTON,GALLATIN,UNCOATED,UNCOATED,NO,LINE,YES,Motter70,813,1,CATALOG,NorthUS,1910,50,68,0.367,13.4,70,0.75,30,20.4,1700,46.3,33.3,0,0,2.5,1,40,40,106.45,100,band
19910610,G089,WARDS,37501,NO,KEY,YES,BENTON,GALLATIN,COATED,COATED,NO,LINE,YES,WoodHoe70,816,2,TABLOID,NorthUS,1910,40,56,0.3,16.02,84,0.25,30,5.3,2244,52.6,42.1,5,0,3,0.8,30,40,110,100,noband
19910610,G572,WARDS,37501,NO,KEY,YES,BENTON,GALLATIN,COATED,COATED,NO,LINE,YES,WoodHoe70,816,9,TABLOID,NorthUS,1910,32.5,56,0.367,15.03,79,0.3125,28,5.3,2244,52.6,42.1,0,0,1.8,0.5,30,40,106.45,100,noband
19910611,X390,AMES,37177,NO,KEY,YES,BENTON,GALLATIN,COATED,COATED,NO,LINE,YES,Motter94,828,2,TABLOID,CANADIAN,1910,40,56,0.3,17,82,0.75,30,0,2550,52.6,47.4,0,0,2,1,33,40,103.22,100,noband
19910611,X831,WARDS,37177,NO,KEY,YES,BENTON,GALLATIN,COATED,COATED,NO,LINE,YES,Motter94,828,9,TABLOID,CANADIAN,1910,30,56,0.283,17,72,0.75,30,0,2550,52.6,47.4,0,0,2,1,33,40,103.22,100,noband
19910614,G78,WARDS,37501,NO,KEY,YES,BENTON,GALLATIN,COATED,COATED,NO,LINE,YES,WoodHoe70,815,2,TABLOID,CANADIAN,1910,30,69,0.3,16,98,0.75,35,0,2050,62.5,37.5,0,0,2.75,1,33,40,100,100,noband
19910614,X158,ROSES,35759,NO,KEY,YES,BENTON,GALLATIN,COATED,COATED,NO,LINE,YES,Motter94,827,2,TABLOID,CANADIAN,1910,45,69,0.267,15.6,72,0.75,21,5.6,2426,55.6,38.9,0,0,2.85,1.1,30,40,103.22,100,noband
19910614,X804,ROSES,37579,NO,KEY,YES,BENTON,GALLATIN,COATED,COATED,NO,LINE,YES,Motter94,827,9,TABLOID,CANADIAN,1910,45,69,0.267,16.1,76,0.75,22,5.6,2426,55.6,38.9,0,0,2.7,0.7,30,40,103.22,100,noband
19910614,G69,WARDS,37501,NO,KEY,YES,BENTON,GALLATIN,COATED,COATED,NO,LINE,NO,WoodHoe70,815,9,TABLOID,CANADIAN,1910,32.5,69,0.2,15.5,94,0.75,30,0.5,2050,52.6,42.1,0,0,2.5,1,33,40,100,100,noband
19910707,M362,MODMAT,47204,YES,KEY,YES,BENTON,GALLATIN,COATED,COATED,NO,LINE,YES,Motter70,813,9,CATALOG,NorthUS,1910,50,64,0.233,18,64,1,30,0,1300,62.5,37.5,0,0,3,1,40,40,106.45,100,band
19910707,F26,MODMAT,47204,YES,KEY,YES,BENTON,GALLATIN,COATED,COATED,NO,LINE,YES,Motter70,813,10,CATALOG,NorthUS,1910,50,64,0.2,16,86,0.75,30,0,1300,58.8,41.1,0,0,2.5,1,40,40,106.45,100,band
19910706,X367,WARDS,37505,NO,KEY,YES,BENTON,GALLATIN,COATED,COATED,NO,LINE,NO,Motter94,824,9,TABLOID,CANADIAN,1910,40,64,0.233,15.4,88,0.5625,24,4.4,1835,55.5,40,2,0,2,1.3,30,40,106.45,100,noband
19910706,X793,WARDS,37505,NO,KEY,YES,BENTON,GALLATIN,COATED,COATED,NO,LINE,NO,Motter94,824,2,TABLOID,CANADIAN,1910,40,64,0.2,16,76,0.8125,23,4.8,1835,59.5,35.7,3,0,2,0.7,30,40,106.45,100,noband
19900509,F242,MODMAT,47103,YES,KEY,YES,BENTON,GALLATIN,UNCOATED,UNCOATED,NO,XYLOL,YES,WoodHoe70,816,9,CATALOG,NorthUS,1910,50,50,0.3,14.5,84,0.25,24,20.7,1500,41.3,38,0,0,3,0.6,40,33,103.3,100,band
19900511,M260,MODMAT,47103,YES,KEY,YES,BENTON,GALLATIN,UNCOATED,UNCOATED,NO,LINE,YES,Motter70,813,1,CATALOG,NorthUS,1910,50,48,0.233,13,80,1,30,18.9,1700,47.2,34,0,0,2.7,0.6,40,33,100,100,band
19900414,O21,TARGET,34545,NO,KEY,YES,BENTON,GALLATIN,COATED,COATED,NO,LINE,NO,Motter94,827,2,SPIEGEL,CANADIAN,1910,40,41,0.233,14,79,0.75,20,0,1530,61.7,38.3,5,0,3.1,1.8,33,33,96.9,100,noband
19900418,J68,WARDS,36053,NO,KEY,YES,BENTON,GALLATIN,COATED,COATED,NO,LINE,YES,WoodHoe70,815,9,TABLOID,CANADIAN,1910,45,42,0.233,15,76,0.75,30,0,2220,58.8,41.2,0,0,2.5,1,30,35,100,100,noband
19900418,J42,WARDS,36053,NO,KEY,YES,BENTON,GALLATIN,COATED,COATED,NO,LINE,YES,WoodHoe70,815,2,TABLOID,CANADIAN,1910,45,42,0.233,16,84,0.625,28,0,2220,54.3,45.7,0,0,2.5,1,30,35,100,100,noband
19900606,F331,NATLWILDLIFE,36859,YES,KEY,YES,BENTON,GALLATIN,UNCOATED,UNCOATED,NO,LINE,YES,Albert70,802,7,CATALOG,NorthUS,1911,55,54,0.267,15,70,0.625,60,3.4,1600,56.8,39.8,0,0,1,0.4,45,40,103.3,100,noband
19900606,F571,NATLWILDLIFE,36859,YES,KEY,YES,BENTON,GALLATIN,UNCOATED,COVER,NO,LINE,NO,Albert70,802,2,CATALOG,NorthUS,1911,57.5,54,0.267,15.5,80,0.625,55,0,1600,62.5,37.5,0,0,3,0.5,45,40,103.3,100,noband
19900507,M93,MODMAT,47103,NO,KEY,YES,BENTON,GALLATIN,COATED,COATED,NO,LINE,YES,Motter70,813,9,CATALOG,NorthUS,1910,40,54,0.233,15.59,89,1,30,1.2,1700,58.1,40.7,0,0,2.5,0.6,40,33,103.3,100,noband
19900409,G467,ECKERD,34683,NO,KEY,YES,BENTON,GALLATIN,COATED,COATED,NO,LINE,YES,WoodHoe70,815,2,TABLOID,NorthUS,1910,40,38,0.3,16,92,0.625,25,1.1,1900,53.8,45.2,0,0,2.5,1,30,33,100,100,noband
19900524,F227,JAMESWAY,36648,NO,KEY,YES,BENTON,GALLATIN,UNCOATED,COATED,NO,LINE,YES,WoodHoe70,815,1,CATALOG,CANADIAN,1911,50,60,0.3,14,75,0.625,33,0,2000,65.2,34.8,0,0,0,0,35,40,96.9,100,band
19900418,F329,EXXON,36858,YES,KEY,YES,BENTON,GALLATIN,UNCOATED,UNCOATED,NO,LINE,YES,Motter70,813,5,CATALOG,NorthUS,1910,60,43,0.367,15,94,1,30,9.5,1500,52.6,37.9,0,4,2.5,1,40,35,100,100,band
19900409,X203,TVGUIDE,25416,YES,KEY,YES,BENTON,GALLATIN,UNCOATED,UNCOATED,NO,LINE,NO,Motter94,821,7,TABLOID,NorthUS,1911,47.5,41,0.333,18,74,0.5,30,17.7,1900,44.2,38.1,2,0,2.5,1,40,33,100,100,band
19900417,T313,EXXON,36858,YES,KEY,YES,BENTON,GALLATIN,UNCOATED,UNCOATED,NO,LINE,YES,Albert70,802,2,CATALOG,NorthUS,1910,47.5,52,0.267,14.3,98,0.75,55,11.7,1600,53.2,35.1,0,0,3,1,40,33,100,100,band
19900606,R4,TARGET,34546,NO,KEY,YES,BENTON,GALLATIN,COATED,COATED,NO,LINE,YES,WoodHoe70,816,9,SPIEGEL,CANADIAN,1911,37.5,54,0.3,14.5,80,1,20,10.9,2400,54.3,34.8,0,0,2.5,0.4,30,40,103.3,100,noband
19900606,R15,TARGET,34546,NO,KEY,YES,BENTON,GALLATIN,COATED,COATED,NO,LINE,YES,WoodHoe70,816,2,SPIEGEL,CANADIAN,1911,52.5,54,0.267,14.6,82,0.75,32,10.5,2400,52.6,36.8,0,0,2.5,0.5,30,40,100,100,noband
19900517,X400,WARDS,36054,NO,KEY,YES,BENTON,GALLATIN,COATED,COATED,NO,LINE,YES,Motter94,827,2,TABLOID,CANADIAN,1910,45,55,0.3,15,75,0.75,25,0,2300,59.8,40.2,0,0,2,2.3,30,33,96.6,100,noband
19900426,O6,TARGET,34545,NO,KEY,YES,BENTON,GALLATIN,UNCOATED,COATED,NO,LINE,NO,Motter94,827,9,TABLOID,CANADIAN,1910,40,48,0.3,15,82,1,35,0,1720,59.3,40.7,0,0,1.5,1.5,32,33,100,100,noband
19900426,O14,TARGET,34545,NO,KEY,YES,BENTON,GALLATIN,UNCOATED,COATED,NO,LINE,NO,Motter94,827,2,TABLOID,CANADIAN,1910,40,48,0.333,15,75,1,30,0,1720,61.7,38.3,0,0,2.5,3,33,33,103.2,100,noband
19900505,T244,MODMAT,47103,YES,KEY,YES,BENTON,GALLATIN,UNCOATED,UNCOATED,NO,LINE,NO,Albert70,802,7,CATALOG,NorthUS,1910,50,52,0.2,14,80,0.75,60,4.4,1700,54.9,40.7,0,0,2.5,1,40,33,100,100,band
19900507,M260,MODMAT,47103,YES,KEY,YES,BENTON,GALLATIN,UNCOATED,UNCOATED,NO,LINE,YES,Motter70,813,1,CATALOG,NorthUS,1910,55,54,0.233,13.23,79,1,30,18.9,1700,47.2,34,0,0,2,0.6,40,33,100,100,noband
19900507,T383,MODMAT,47103,NO,KEY,YES,BENTON,GALLATIN,COATED,COATED,NO,LINE,YES,Motter70,813,10,CATALOG,NorthUS,1910,40,54,0.267,14.42,87,1,30,4.5,1700,56.2,39.3,0,0,2.5,1,40,33,96.8,100,noband
19900507,T78,MODMAT,47103,YES,KEY,YES,BENTON,GALLATIN,UNCOATED,UNCOATED,NO,LINE,YES,Albert70,802,2,CATALOG,NorthUS,1910,72.5,54,0.2,14.5,82,0.75,50,2.2,1900,56.7,41.6,0,0,3,0.9,40,33,100,100,noband
19900507,M4,MODMAT,47103,YES,KEY,YES,BENTON,GALLATIN,UNCOATED,UNCOATED,NO,LINE,YES,Motter70,813,5,CATALOG,NorthUS,1910,47.5,54,0.2,16.08,69,1,30,3.3,1700,55.5,41.1,0,0,2.5,0.9,40,30,103.3,100,noband
19900517,X776,TOYSRUS,34752,NO,KEY,NO,BENTON,GALLATIN,COATED,COATED,YES,LINE,YES,Motter94,824,9,TABLOID,CANADIAN,1910,50,48,0.333,15.8,70,0.75,30,0,1900,58.8,41.2,5,0,2.5,1.2,30,33,100,100,noband
19900517,X713,TOYSRUS,34752,NO,KEY,NO,BENTON,GALLATIN,COATED,COATED,NO,LINE,YES,Motter94,824,2,TABLOID,NorthUS,1910,50,48,0.233,15.5,68,0.8125,30,0,1900,57.4,42.6,10,0,1.5,1,30,33,100,100,noband
19900507,M432,HOMESHOPPING,36928,NO,KEY,YES,BENTON,GALLATIN,COATED,COATED,NO,LINE,YES,WoodHoe70,815,9,CATALOG,CANADIAN,1910,40,54,0.233,15,80,0.75,28,0,1800,58.8,41.2,0,0,2.5,1.2,30,33,100,100,noband
19900507,M257,HOMESHOPPING,36928,NO,KEY,YES,BENTON,GALLATIN,COATED,COATED,NO,LINE,YES,WoodHoe70,815,2,CATALOG,CANADIAN,1910,40,54,0.3,15,88,0.75,28,0,1800,58.8,41.2,0,0,2.5,1.2,30,33,100,100,noband
19900606,X138,TVGUIDE,25424,YES,KEY,YES,BENTON,GALLATIN,UNCOATED,UNCOATED,NO,LINE,NO,Motter94,821,7,TABLOID,NorthUS,1911,40,54,0.333,14.1,80,0.75,20,24.8,1850,41.3,33.9,3,0,2.5,0.8,40,40,103.3,100,noband
19900608,F19,JAMESWAY,36649,NO,KEY,YES,BENTON,GALLATIN,COATED,COATED,NO,LINE,YES,Motter70,813,6,CATALOG,SCANDANAVIAN,1911,47.5,62,0.333,15,84,0.75,30,5.6,1800,56.2,38.2,0,0,2.5,1,35,40,96.7,100,noband
19900608,F89,JAMESWAY,36649,NO,KEY,YES,BENTON,GALLATIN,COATED,COATED,NO,LINE,YES,Motter70,813,1,CATALOG,SCANDANAVIAN,1911,47.5,62,0.2,15,80,0.75,30,5.6,1800,56.2,38.2,0,0,2.5,1,35,40,96.9,100,noband
19900615,R17,TARGET,34547,NO,KEY,YES,BENTON,GALLATIN,COATED,COATED,NO,LINE,YES,WoodHoe70,815,9,SPIEGEL,CANADIAN,1910,30,58,0.433,15.9,81,0.625,30,0,2150,62.5,37.5,10,0,2.5,1,30,35,90,100,noband
19900615,R29,TARGET,34547,NO,KEY,YES,BENTON,GALLATIN,COATED,COATED,NO,LINE,YES,WoodHoe70,815,2,SPIEGEL,CANADIAN,1910,30,58,0.333,16.3,78,0.625,30,0,2150,58.8,41.2,10,0,2.5,1,30,35,90,100,noband
19900612,X423,WARDS,36894,NO,KEY,YES,BENTON,GALLATIN,COATED,COATED,NO,LINE,YES,Motter94,824,2,TABLOID,CANADIAN,1910,30,51,0.3,16,70,0.8125,20,0,2250,58.8,41.2,0,0,1.5,0.6,30,35,103.3,100,noband
19900612,X414,WARDS,36894,NO,KEY,YES,BENTON,GALLATIN,COATED,COATED,YES,LINE,YES,Motter94,824,9,TABLOID,CANADIAN,1910,30,51,0.333,16,76,0.875,25,19.1,2250,42.7,38.2,3,0,1.2,0.5,30,35,103.3,100,noband
19900615,X84,WARDS,36057,NO,KEY,YES,BENTON,GALLATIN,COATED,COATED,NO,LINE,YES,Motter94,827,9,TABLOID,CANADIAN,1910,30,58,0.467,15,98,0.75,30,0,2300,58.8,41.2,6,0,2.25,1,30,35,100,100,noband
19900615,X96,WARDS,36057,NO,KEY,YES,BENTON,GALLATIN,COATED,COATED,NO,LINE,YES,Motter94,827,2,TABLOID,CANADIAN,1910,30,58,0.467,15,96,0.75,30,0,2300,58.8,41.2,6,0,3,0.75,30,35,100,100,noband
19900606,G407,CHILDWORLD,36024,YES,KEY,YES,BENTON,GALLATIN,COATED,UNCOATED,NO,LINE,NO,WoodHoe70,815,9,TABLOID,CANADIAN,1910,52.5,54,0.433,16.3,90,0.75,38,0,1800,62.5,38.5,0,0,2.9,1.1,33,35,100,100,noband
19900606,G150,CHILDWORLD,36024,YES,KEY,YES,BENTON,GALLATIN,COATED,UNCOATED,NO,LINE,NO,WoodHoe70,815,2,TABLOID,CANADIAN,1910,55.5,54,0.233,15,82,0.75,38,0,1800,58.8,41.2,0,0,2,1,33,35,100,100,noband
19900606,X777,TVGUIDE,25424,YES,KeY,YES,BENTON,GALLATIN,UNCOATED,UNCOATED,NO,XYLOL,YES,Motter94,821,2,TABLOID,NorthUS,1910,40,54,0.2,14.6,85,0.75,20,21.7,1850,43.5,34.8,0,0,2.5,0.8,40,40,100,100,noband
19900614,B6,DOWNS,34397,YES,KEY,YES,BENTON,GALLATIN,UNCOATED,UNCOATED,NO,LINE,YES,Motter70,813,1,CATALOG,mideuropean,1910,50,53,0.3,16,65,0.75,30,15.8,1300,49.5,34.7,0,0,2.5,1,28,35,93.5,100,noband
19900614,F85,DOWNS,34397,YES,KEY,YES,BENTON,GALLATIN,UNCOATED,UNCOATED,NO,LINE,YES,Motter70,813,6,CATALOG,mideuropean,1910,50,53,0.3,16.5,90,0.75,30,11.3,1300,51.5,37.1,0,0,2.5,0.7,28,35,100,100,noband
19900621,I301,GLOBAL,36846,YES,KEY,YES,BENTON,GALLATIN,UNCOATED,COVER,NO,LINE,YES,Albert70,802,7,CATALOG,NorthUS,1910,50,59,0.367,13,92,0.625,49,0,1300,58.8,41.2,0,0,3,1.1,40,35,100,100,band
19900622,F135,CASUALLIVING,38025,YES,KEY,YES,BENTON,GALLATIN,UNCOATED,UNCOATED,NO,LINE,NO,WoodHoe70,815,9,CATALOG,NorthUS,1910,57.5,55,0.333,14,86,0.75,30,13,1700,50,37,0,0,2.9,0.9,34,35,100,100,noband
19900622,T178,CASUALLIVING,38025,YES,KEY,YES,BENTON,GALLATIN,UNCOATED,UNCOATED,NO,LINE,NO,WoodHoe70,815,2,CATALOG,NorthUS,1910,55,55,0.3,13,86,0.75,28,13.7,1700,49,37.3,0,0,3,0.8,34,35,100,100,noband
19900611,F257,CAMPINGWORLD,36874,NO,KeY,YES,BENTON,GALLATIN,COATED,COATED,NO,LINE,YES,WoodHoe70,815,9,CATALOG,CANADIAN,1910,40,60,0.2,15.5,80,0.75,30,13,1750,54.3,32.6,0,0,2.75,1,33,40,100,100,noband
19900611,F170,CAMPINGWORLD,37874,NO,KeY,YES,BENTON,GALLATIN,COATED,COATED,NO,LINE,YES,WoodHoe70,815,2,CATALOG,CANADIAN,1910,40,60,0.2,15,78,0.625,34,15,1750,50,35,0,0,2.5,1,33,40,100,100,noband
19900622,I347,GLOBALEQUP,36846,NO,KEY,YES,BENTON,GALLATIN,UNCOATED,UNCOATED,NO,LINE,NO,Albert70,802,2,CATALOG,NorthUS,1910,65,65,0.4,14,100,0.75,40,7,1200,58.1,34.9,0,0,2.5,1,40,35,100,100,band
19900625,X116,WARDS,36058,NO,KEY,YES,BENTON,GALLATIN,COATED,COATED,NO,LINE,YES,Motter94,824,6,TABLOID,CANADIAN,1911,50,58,0.3,16,80,0.875,24,0,2200,58.8,41.2,0,0,1.2,0.6,30,42,93.75,100,noband
19900625,X273,WARDS,36058,NO,KEY,YES,BENTON,GALLATIN,COATED,COATED,NO,LINE,YES,Motter94,824,2,TABLOID,CANADIAN,1911,50,58,0.333,15.5,75,0.8125,24,0,2200,58.8,41.2,0,0,1.5,0.6,30,42,100,100,noband
19900706,X135,AMES,34583,NO,KEY,YES,BENTON,GALLATIN,COATED,COATED,NO,LINE,YES,Motter94,827,9,TABLOID,CANADIAN,1911,40,47,0.2,15,75,0.75,25,0,2100,61.1,38.9,0,0,2.4,1.1,33,40,96.9,100,noband
19900705,X151,TVGUIDE,25428,YES,KEY,YES,BENTON,GALLATIN,UNCOATED,UNCOATED,NO,LINE,YES,Motter94,821,2,TABLOID,NorthUS,1911,45,47,0.2,14,80,0.75,20,18,1800,45,37,0,0,2.5,0.8,40,40,96.9,100,noband
19900710,B181,MODMAT,47104,YES,KEY,YES,BENTON,GALLATIN,UNCOATED,UNCOATED,NO,LINE,YES,Albert70,802,2,CATALOG,NorthUS,1910,40,56,0.3,16.5,80,0.75,45,20.3,1400,44.2,35.5,0,0,3,0.6,40,35,100,100,noband
19900710,M332,MODMAT,47104,YES,KEY,YES,BENTON,GALLATIN,UNCOATED,UNCOATED,NO,LINE,YES,Albert70,802,7,CATALOG,NorthUS,1911,30,56,0.433,16,70,0.75,60,21.8,1400,45.4,32.8,0,0,3,0.9,40,40,96.8,100,noband
19900710,T234,MASSEY,36784,YES,KEY,YES,BENTON,GALLATIN,UNCOATED,UNCOATED,NO,XYLOL,YES,WoodHoe70,815,9,CATALOG,NorthUS,1910,37.5,56,0.3,14,82,0.625,28,0,1700,58.8,41.2,2,0,2.5,0.5,40,35,100,100,noband
19900710,M39,MODMAT,47104,YES,KEY,YES,BENTON,GALLATIN,UNCOATED,UNCOATED,NO,XYLOL,YES,Motter70,813,5,CATALOG,NorthUS,1911,50,56,0.333,14.6,74,0.75,30,7.5,1400,53.8,38.7,0,4,2.4,0.8,40,40,96.8,100,noband
19900710,F450,MODMAT,47104,YES,KEY,YES,BENTON,GALLATIN,UNCOATED,UNCOATED,NO,XYLOL,YES,Motter70,813,1,CATALOG,NorthUS,1911,57.5,56,0.5,13.8,73,0.75,30,4.4,1400,52.7,42.9,0,0,2,0.5,40,40,96.8,100,noband
19900710,X346,HILLS,34714,NO,KEY,YES,BENTON,GALLATIN,COATED,COATED,NO,LINE,YES,Motter94,824,9,TABLOID,CANADIAN,1911,30,56,0.2,14.7,87,0.875,20,0,2150,58.8,41.2,12,0,1.5,0.6,30,40,96.8,100,noband
19900710,X235,HILLS,34714,NO,KEY,YES,BENTON,GALLATIN,COATED,COATED,NO,LINE,YES,Motter94,824,2,TABLOID,CANADIAN,1910,40,56,0.333,15.3,86,0.8125,32,0,2150,58.8,41.2,12,0,2.2,0.8,30,35,100,100,noband
19900710,B125,MODMAT,47104,YES,KEY,YES,BENTON,GALLATIN,COATED,COATED,NO,LINE,YES,Motter70,813,10,CATALOG,NorthUS,1911,55,56,0.4,15,87,0.75,30,0,1250,62.5,37.5,0,0,2.5,1,40,40,96.8,100,noband
19900710,T280,MODMAT,47104,YES,KEY,YES,BENTON,GALLATIN,COATED,COATED,NO,LINE,YES,Motter70,813,9,CATALOG,NorthUS,1911,55,56,0.4,15,93,0.75,30,0,1250,62.5,37.5,0,0,2.5,1,40,40,96.8,100,noband
19900726,T8,REI,36644,YES,KEY,YES,BENTON,GALLATIN,UNCOATED,UNCOATED,NO,XYLOL,NO,WoodHoe70,816,2,CATALOG,NorthUS,1911,60,56,0.3,16,87,0.625,26,10.5,1450,50.5,39,3,0,3,1.3,40,40,93.75,100,band
19900727,F257,REI,36644,YES,KEY,YES,BENTON,GALLATIN,UNCOATED,UNCOATED,NO,LINE,NO,Albert70,802,2,CATALOG,NorthUS,1910,60,53,0.3,18,103,0.625,50,22.1,1600,41,36.9,0,0,3,0.7,40,35,105.2,100,noband
19900726,F261,REI,36644,YES,KEY,YES,BENTON,GALLATIN,UNCOATED,UNCOATED,NO,LINE,NO,Albert70,802,7,CATALOG,NorthUS,1910,57.5,53,0.367,14.5,70,0.625,58,20.2,1600,42,37.8,3,0,3,1,40,35,105.2,100,noband
19900723,F264,USCAV,35683,YES,KEY,YES,BENTON,GALLATIN,UNCOATED,UNCOATED,NO,LINE,NO,Albert70,802,7,CATALOG,NorthUS,1911,62.5,61,0.3,14,85,0.75,50,3.5,1660,56.8,39.7,2,0,3,1,32,40,93.75,100,noband
19900723,F294,USCAV,35683,YES,KEY,YES,BENTON,GALLATIN,UNCOATED,UNCOATED,NO,LINE,NO,Albert70,802,2,CATALOG,NorthUS,1910,65,61,0.367,14.8,80,0.375,45,19.5,1660,42.4,38.1,0,0,3,1,32,35,105.2,100,noband
19900723,X232,ECKERDS,34685,NO,KEY,YES,BENTON,GALLATIN,COATED,COATED,NO,LINE,YES,Motter94,828,2,TABLOID,CANADIAN,1911,50,61,0.267,14.2,88,1,29,0,2350,52.6,47.4,0,0,2.5,1.1,30,40,93.75,100,noband
19900723,X750,ECKERDS,34685,NO,KEY,YES,BENTON,GALLATIN,COATED,COATED,NO,LINE,YES,Motter94,828,10,TABLOID,CANADIAN,1910,50,61,0.333,13,72,1,41,0,2350,58.8,41.2,0,0,2,1,30,35,105.2,100,noband
19900723,X351,ROSES,34894,NO,KEY,YES,BENTON,GALLATIN,COATED,COATED,NO,LINE,NO,Motter94,821,2,TABLOID,CANADIAN,1910,45,61,0.4,14,78,0.75,20,25.6,2100,42.7,31.7,0,0,2.5,0.8,30,35,105.2,100,noband
19900723,X25,ROSES,34894,NO,KEY,YES,BENTON,GALLATIN,COATED,COATED,NO,LINE,YES,Motter94,821,7,TABLOID,CANADIAN,1910,50,61,0.333,13.1,70,0.75,25,21.7,2100,41.7,36.6,5,0,2.5,0.8,30,35,105.2,100,noband
19900620,O7,TARGET,34547,NO,KEY,YES,BENTON,GALLATIN,COATED,COATED,NO,LINE,YES,Motter94,827,2,SPIEGEL,CANADIAN,1910,32.5,54,0.267,15.5,78,1,25,0,1900,58.8,41.2,10,0,2.5,0.5,30,35,93.3,100,noband
19900620,O15,TARGET,34547,NO,KEY,YES,BENTON,GALLATIN,COATED,COATED,NO,LINE,YES,Motter94,827,9,SPIEGEL,CANADIAN,1910,32.5,54,0.5,15.5,78,1,25,0,1900,58.8,41.2,10,0,1.4,0.8,30,35,103.2,100,noband
19900719,X753,WARDS,36066,NO,KEY,YES,BENTON,GALLATIN,COATED,COATED,NO,LINE,YES,Motter94,827,9,TABLOID,CANADIAN,1911,40,54,0.2,15,72,0.75,35,0,2500,58.5,41.5,0,0,2.1,1.1,30,40,100,100,noband
19900719,X823,WARDS,36066,NO,KEY,YES,BENTON,GALLATIN,COATED,COATED,NO,LINE,YES,Motter94,827,2,TABLOID,CANADIAN,1911,40,54,0.367,15,78,0.75,20,0,2500,61.1,38.9,0,0,2.5,0.7,30,40,100,100,noband
19900718,X60,WARDS,36066,NO,KEY,YES,BENTON,GALLATIN,COATED,COATED,NO,LINE,YES,Motter94,824,9,TABLOID,CANADIAN,1910,45,54,0.2,15,80,0.8125,20,0,2000,58.8,41.2,0,0,1.5,0.6,33,35,111.1,100,noband
19900730,X153,ROSES,34896,NO,KEY,YES,BENTON,GALLATIN,COATED,COATED,NO,LINE,YES,Motter94,828,2,TABLOID,NorthUS,1910,40,54,0.4,15.2,88,0.875,30,5.9,2300,49.5,44.6,8,0,2.5,1,33,35,111.1,100,noband
19900730,X272,ROSES,34896,NO,KEY,YES,BENTON,GALLATIN,COATED,COATED,NO,LINE,YES,Motter94,828,9,TABLOID,NorthUS,1910,40,54,0.333,14.7,90,0.875,30,0,2300,52.6,47.4,4,0,3,1.1,33,35,111.1,100,noband
19900730,F131,DOWNS,23050,YES,KEY,YES,BENTON,GALLATIN,UNCOATED,UNCOATED,NO,LINE,YES,WoodHoe70,816,2,CATALOG,NorthUS,1910,57.5,54,0.367,16.2,79,0.5,23,19,1500,47.6,33.4,5,0,3,1,32,35,93.3,100,noband
19900727,F76,REI,36644,YES,KEY,YES,BENTON,GALLATIN,UNCOATED,UNCOATED,NO,LINE,NO,Albert70,802,2,CATALOG,NorthUS,1910,60,53,0.333,16.5,88,0.75,55,22.1,1550,41,36.9,0,0,3,0.8,40,35,105.1,100,noband
19900730,F383,DOWNS,23050,YES,KEY,YES,BENTON,GALLATIN,UNCOATED,UNCOATED,NO,LINE,YES,WoodHoe70,816,9,CATALOG,NorthUS,1910,55,54,0.3,15.8,79,0.5,30,12.4,1500,51.5,36.1,0,0,3,0.5,32,35,93.3,100,noband
19900727,F374,REI,36644,YES,KEY,YES,BENTON,GALLATIN,UNCOATED,UNCOATED,NO,LINE,NO,Albert70,802,7,CATALOG,NorthUS,1910,60,53,0.3,14.7,70,0.75,50,20.2,1550,42,37.8,3,0,3,1,40,35,111.1,100,noband
19900801,J15,WARDS,36882,NO,KEY,YES,BENTON,GALLATIN,COATED,COATED,NO,LINE,YES,WoodHoe70,816,2,TABLOID,CANADIAN,1910,45,53,0.3,15.2,78,1,30,13.3,2150,51,35.7,2,0,2.5,1.1,30,35,111.1,100,noband
19900811,J38,WARDS,36882,NO,KEY,YES,BENTON,GALLATIN,COATED,COATED,NO,LINE,YES,WoodHoe70,816,9,TABLOID,CANADIAN,1910,35,53,0.267,14.7,80,1,30,5.5,2150,55.6,38.9,0,0,2.5,0.4,30,35,111.1,100,noband
19900811,J40,WALMART,34493,NO,KEY,YES,BENTON,GALLATIN,COATED,UNCOATED,NO,LINE,NO,WoodHoe70,816,9,TABLOID,NorthUS,1910,40,54,0.333,17,94,0.25,26,0,1900,56.8,43.2,0,0,2.5,0.9,30,35,100,100,noband
19900811,J45,WALMART,34493,NO,KEY,YES,BENTON,GALLATIN,COATED,UNCOATED,NO,LINE,NO,WoodHoe70,816,2,TABLOID,NorthUS,1911,40,54,0.2,14,80,0.3125,34,3.4,1900,56.8,39.8,0,0,2.5,1.3,30,40,106.7,100,noband
19900807,X315,AMES,34585,NO,KEY,YES,BENTON,GALLATIN,COATED,COATED,NO,LINE,YES,Motter94,828,2,TABLOID,CANADIAN,1910,30,50,0.2,15.6,84,1,30,0,2400,58.8,41.2,4,0,2.5,0.9,33,35,96.8,100,noband
19900807,X766,AMES,34585,NO,KEY,YES,BENTON,GALLATIN,COATED,COATED,NO,LINE,YES,Motter94,828,9,TABLOID,CANADIAN,1910,30,50,0.333,15.8,92,1,30,0,2400,58.5,41.2,2,0,3,1.4,33,35,96.8,100,noband
19900810,W717,SHEPLERS,36776,YES,KEY,YES,BENTON,GALLATIN,UNCOATED,UNCOATED,NO,XYLOL,YES,Albert70,802,7,CATALOG,NorthUS,1910,45,50,0.2,14.5,70,0.75,42,5.3,1700,52.6,42.1,0,0,3,0.8,40,45,100,100,noband
19900810,W516,SHEPLERS,36776,YES,KEY,YES,BENTON,GALLATIN,UNCOATED,UNCOATED,NO,XYLOL,YES,Albert70,802,2,SPIEGEL,NorthUS,1910,40,50,0.267,13.5,75,0.75,45,0,1700,58.8,41.2,0,0,3,0.6,40,35,100,100,noband
19900809,X35,TVGUIDE,25433,YES,KEY,YES,BENTON,GALLATIN,UNCOATED,UNCOATED,NO,LINE,YES,Motter94,821,7,TABLOID,NorthUS,1910,50,50,0.2,16.2,75,0.75,25,3.3,1850,54.9,41.8,2,0,2.7,0.9,40,35,100,100,noband
19900813,F633,DUNNS,38016,YES,KEY,YES,BENTON,GALLATIN,UNCOATED,UNCOATED,NO,LINE,NO,Albert70,802,7,CATALOG,mideuropean,1910,45,54,0.333,14.8,70,0.75,50,13,1420,54.3,32.6,0,0,3,0.9,28,35,106.9,100,noband
19900813,M200,DUNNS,38016,YES,KEY,YES,BENTON,GALLATIN,UNCOATED,UNCOATED,NO,LINE,NO,Albert70,802,2,CATALOG,mideuropean,1910,45,54,0.233,14.3,67,0.75,45,12.3,1420,51.5,36.1,0,0,3,0.6,28,35,106.9,100,noband
19900812,R15,TARGET,34549,NO,KEY,YES,BENTON,GALLATIN,COATED,COATED,NO,LINE,NO,WoodHoe70,815,2,SPIEGEL,CANADIAN,1911,45,54,0.267,14,90,0.75,30,0,2000,58.8,41.2,0,0,3,1,33,40,103.3,100,noband
19900812,X65,MERVYNS,34175,NO,KEY,YES,BENTON,GALLATIN,COATED,COATED,NO,LINE,NO,Motter94,821,7,TABLOID,NorthUS,1910,30,54,0.233,15.8,68,0.75,25,6.4,2000,53.2,40.4,4,0,2.3,0.8,35,35,106.9,100,noband
19900813,X333,WALMART,34493,NO,KEY,YES,BENTON,GALLATIN,COATED,COATED,NO,LINE,YES,Motter94,824,9,TABLOID,NorthUS,1910,30,54,0.5,13.6,70,0.8125,30,0,2000,58.8,41.2,0,0,2.3,0.9,30,35,100,100,noband
19900812,X282,MERVYNS,34175,NO,KEY,YES,BENTON,GALLATIN,COATED,COATED,NO,LINE,YES,Motter94,821,2,TABLOID,NorthUS,1910,30,54,0.333,16.8,71,0.75,25,18,2000,45,36.9,0,0,2.5,0.9,35,35,106.9,100,noband
19900813,X184,WALMART,34493,NO,KEY,YES,BENTON,GALLATIN,COATED,COATED,NO,LINE,YES,Motter94,824,2,TABLOID,NorthUS,1910,30,54,0.167,14.6,70,0.8125,30,0,2000,58.8,41.2,0,0,1.5,0.6,30,35,106.9,100,noband
19900814,R22,TARGET,34549,NO,KEY,YES,BENTON,GALLATIN,COATED,COATED,NO,LINE,YES,WoodHoe70,816,9,SPIEGEL,CANADIAN,1910,45,54,0.167,18,90,0.5,26,8.3,1875,52.1,39.6,0,0,3,1,33,35,106.9,100,noband
19900812,R23,TARGET,34549,NO,KEY,YES,BENTON,GALLATIN,COATED,COATED,NO,LINE,YES,WoodHoe70,815,9,SPIEGEL,CANADIAN,1910,45,54,0.367,15,100,0.75,33,2.3,2000,56.8,40.9,0,0,2.75,0.9,33,35,106.9,100,noband
19900819,F236,DUNNS,38016,YES,KEY,YES,BENTON,GALLATIN,UNCOATED,UNCOATED,NO,LINE,YES,Motter70,813,1,CATALOG,NorthUS,1910,45,56,0.3,15.5,78,0.75,30,11.1,1350,55.5,33.3,0,0,2.2,0.9,28,35,100,100,noband
19900819,F38,DUNNS,38016,YES,KEY,YES,BENTON,GALLATIN,UNCOATED,UNCOATED,NO,LINE,YES,Motter70,813,5,CATALOG,NorthUS,1911,45,56,0.233,16,64,0.75,30,11.1,1350,55.5,33.3,0,0,2.5,0.5,28,40,103.3,100,noband
19900818,X91,LAZARUS,34154,YES,KEY,YES,BENTON,GALLATIN,UNCOATED,UNCOATED,NO,LINE,NO,Motter94,828,2,TABLOID,NorthUS,1910,45,56,0.333,14.9,85,1,30,17.3,1600,48.1,34.6,0,0,2.8,1,40,35,100,100,noband
19900818,X132,LAZARUS,34154,YES,KEY,YES,BENTON,GALLATIN,UNCOATED,UNCOATED,NO,LINE,NO,Motter94,828,10,TABLOID,CANADIAN,1910,30,56,0.367,14.7,83,1,30,10.8,1600,53.8,35.5,0,6,2.6,1.2,40,35,100,100,noband
19900820,X377,AMES,34585,NO,KEY,YES,BENTON,GALLATIN,COATED,COATED,NO,LINE,YES,Motter94,828,2,TABLOID,CANADIAN,1910,57.5,57,0.367,15.3,84,1,30,19,2400,47.6,33.3,0,0,3,1,33,40,93.75,100,noband
19900820,X129,AMES,34585,NO,KEY,YES,BENTON,GALLATIN,COATED,COATED,NO,LINE,YES,Motter94,828,10,TABLOID,CANADIAN,1910,57.5,57,0.2,14.2,78,1,30,10.5,2400,52.6,36.8,0,0,2.5,1,33,40,93.75,100,noband
19900830,T204,GALLS,38061,YES,KEY,YES,BENTON,GALLATIN,UNCOATED,UNCOATED,NO,XYLOL,YES,WoodHoe70,815,1,SPIEGEL,NorthUS,1911,47.5,49,0.367,15,84,0.75,28,2.2,1600,54.3,43.5,0,0,3,0.9,34,30,108.1,100,band
19900831,X197,TVGUIDE,25437,YES,KEY,YES,BENTON,GALLATIN,UNCOATED,UNCOATED,NO,LINE,NO,Motter94,821,7,TABLOID,NorthUS,1911,57.5,51,0.333,15.2,70,0.625,25,11.1,1850,50.5,38.4,3,0,2.5,0.8,34,30,100,100,noband
19900831,X138,TVGUIDE,25437,YES,KEY,YES,BENTON,GALLATIN,UNCOATED,UNCOATED,NO,LINE,NO,Motter94,821,2,TABLOID,NorthUS,1911,57.5,51,0.267,15.6,81,0.75,25,9.8,1850,49,41.2,0,0,2.7,0.6,34,30,100,100,noband
19900825,X727,AMES,38013,NO,KEY,YES,BENTON,GALLATIN,UNCOATED,COATED,NO,LINE,YES,Motter94,824,2,TABLOID,NorthUS,1910,40,55,0.533,15.4,80,0.8125,30,10.2,2400,51,38.8,0,0,1.7,0.7,30,45,93.75,100,noband
19900825,X60,AMES,38013,NO,KEY,YES,BENTON,GALLATIN,UNCOATED,COATED,NO,LINE,YES,Motter94,824,9,TABLOID,NorthUS,1910,45,55,0.3,16.1,82,0.75,30,0,2400,58.8,41.2,0,0,2,0.8,30,45,93.75,100,noband
19900824,F192,COMPETITIVEDGE,34399,YES,KEY,YES,BENTON,GALLATIN,UNCOATED,UNCOATED,NO,LINE,YES,Motter70,813,1,CATALOG,NorthUS,1911,40,54,0.3,15,70,0.75,30,10,1800,50,40,0,0,2.5,0.8,60,30,100,100,noband
19900824,M254,COMPETITIVEDGE,34399,YES,KEY,YES,BENTON,GALLATIN,UNCOATED,UNCOATED,NO,LINE,YES,Motter70,813,5,CATALOG,NorthUS,1910,42.5,54,0.3,15,70,0.75,30,13.4,1500,48.1,38.5,2,0,2.5,1,60,45,93.75,100,noband
19900821,I353,AUSTADS,34066,YES,KEY,YES,BENTON,GALLATIN,UNCOATED,UNCOATED,NO,LINE,NO,Albert70,802,7,CATALOG,CANADIAN,1910,52.5,55,0.333,14,70,0.625,55,7.9,1600,57.5,34.44,4,0,3,0.8,40,45,93.75,100,noband
19900821,I346,AUSTADS,34066,YES,KEY,YES,BENTON,GALLATIN,UNCOATED,UNCOATED,NO,LINE,YES,Albert70,802,2,CATALOG,CANADIAN,1910,52.5,55,0.433,14,80,0.75,55,9.9,1600,49.5,40.6,0,0,3,0.5,40,45,93.75,100,noband
19900921,R6,TARGET,34551,NO,KEY,YES,BENTON,GALLATIN,COATED,COATED,NO,LINE,NO,WoodHoe70,815,1,SPIEGEL,CANADIAN,1910,35,56,0.267,15,70,1,33,0,2350,65.2,34.8,0,0,2.5,1,30,40,93.75,90,band
19900913,R7,TARGET,34551,NO,KEY,YES,BENTON,GALLATIN,COATED,COATED,NO,LINE,NO,WoodHoe70,815,1,SPIEGEL,CANADIAN,1910,40,60,0.2,15.5,73,0.75,28,0,1850,65.2,34.8,0,0,2.8,1,30,40,100,90,band
19900909,F126,MODMAT,47103,YES,KEY,YES,BENTON,GALLATIN,UNCOATED,UNCOATED,NO,LINE,NO,Albert70,802,7,CATALOG,NorthUS,1911,60,50,0.233,14.5,70,0.75,45,15.6,1650,45.8,38.5,2,0,2.5,1,40,40,100,100,noband
19900909,F159,MODMAT,47105,YES,KEY,YES,BENTON,GALLATIN,UNCOATED,UNCOATED,NO,LINE,NO,WoodHoe70,816,2,CATALOG,NorthUS,1910,60,50,0.267,14.9,88,0.375,32,10.3,1700,51.5,38.1,5,0,3,1.3,40,40,103.3,100,noband
19900909,F337,MODMAT,47103,YES,KEY,YES,BENTON,GALLATIN,UNCOATED,UNCOATED,NO,LINE,NO,Albert70,802,2,CATALOG,NorthUS,1910,60,50,0.3,14.5,60,0.75,40,19,1650,47.6,33.3,0,0,2.5,1,40,40,103.3,100,noband
19900909,F679,MODMAT,47105,YES,KEY,YES,UDDEHOLM,GALLATIN,UNCOATED,UNCOATED,NO,LINE,NO,WoodHoe70,816,9,CATALOG,NorthUS,1910,65,50,0.267,15,86,0.25,28,10.5,1700,52.6,36.8,2,0,2.5,0.6,40,40,103.3,100,noband
19900910,M103,MODMAT,47105,YES,KEY,YES,BENTON,GALLATIN,UNCOATED,UNCOATED,NO,LINE,YES,Motter70,813,5,CATALOG,NorthUS,1911,55,47,0.367,13,70,0.75,30,14.1,1600,50.5,35.3,0,0,2.5,0.5,40,35,106.25,100,noband
19900910,M309,MODMAT,47105,YES,KEY,YES,BENTON,GALLATIN,UNCOATED,UNCOATED,NO,LINE,YES,Motter70,813,1,CATALOG,NorthUS,1911,65,47,0.367,12,68,0.75,30,0,1600,58.8,41.2,0,0,2.8,0.8,40,35,106.25,100,noband
19900910,T284,MODMAT,47105,YES,KEY,YES,BENTON,GALLATIN,COATED,COATED,NO,LINE,YES,Motter70,813,10,CATALOG,NorthUS,1911,55,47,0.233,15.5,74,0.75,30,0,1600,62.5,37.5,0,0,2.5,1,40,35,106.25,100,noband
19900910,T333,MODMAT,47105,YES,KEY,YES,BENTON,GALLATIN,COATED,COATED,NO,LINE,YES,Motter70,813,9,CATALOG,NorthUS,1910,55,47,0.2,14,71,0.75,30,0,1600,62.5,37.5,0,0,2.5,0.7,40,40,90.3,100,noband
19900915,F679,MODMAT,47105,YES,KEY,YES,BENTON,GALLATIN,UNCOATED,UNCOATED,NO,LINE,YES,WoodHoe70,816,9,CATALOG,NorthUS,1910,65,60,0.267,14.5,80,0.25,38,15.8,1900,49.5,34.6,0,0,2.9,0.7,40,40,103.3,100,noband
19900915,F159,MODMAT,47105,YES,KEY,YES,BENTON,GALLATIN,UNCOATED,UNCOATED,NO,LINE,YES,WoodHoe70,816,2,CATALOG,NorthUS,1910,60,60,0.267,14,76,0.375,30,10.3,1900,51.5,38.1,5,0,2.6,1.1,40,40,103.3,100,noband
19900924,R6,TARGET,34551,NO,KEY,YES,BENTON,GALLATIN,COATED,COATED,NO,LINE,NO,WoodHoe70,815,1,SPIEGEL,CANADIAN,1910,40,49,0.267,14,82,0.625,30,0,2150,65.2,34.8,1,0,2.5,0.9,30,40,93.75,90,band
19901002,G55,KMART,36197,NO,KEY,YES,BENTON,GALLATIN,UNCOATED,COATED,NO,LINE,NO,WoodHoe70,815,1,TABLOID,NorthUS,1910,55,50,0.133,14,80,0.625,32,8,2000,60,32,0,0,2.5,0.9,35,40,93.55,90,band
19901002,G55,KMART,36197,NO,KEY,YES,BENTON,GALLATIN,UNCOATED,COATED,NO,LINE,YES,WoodHoe70,815,1,TABLOID,NorthUS,1910,55,48,0.367,14.5,76,0.5,30,8,2000,60,32,0,0,2.5,1,35,40,93.55,90,band
19901003,X753,TVGUIDE,25441,YES,KEY,YES,BENTON,GALLATIN,UNCOATED,UNCOATED,NO,LINE,NO,Motter94,821,7,TABLOID,NorthUS,1910,55,50,0.267,17,89,1,22,10.4,1650,52.1,37.5,0.75,0,2.5,1.1,34,40,93.55,90,band
19901001,X271,TOYSRUS,34754,NO,KEY,NO,BENTON,GALLATIN,COATED,COATED,NO,LINE,YES,Motter94,824,2,TABLOID,CANADIAN,1910,42.5,48,0.2,16,70,0.8125,35,0,2050,66.7,33.3,2,0,1.7,1,30,40,93.55,90,noband
19901001,X251,TOYSRUS,34754,NO,KEY,NO,BENTON,GALLATIN,COATED,COATED,NO,LINE,NO,Motter94,824,9,TABLOID,CANADIAN,1910,42.5,48,0.2,15,76,0.875,30,3.6,2050,60.2,36.2,0,0,2.5,1,30,40,93.55,90,noband
19900926,X326,WALMART,36578,NO,KEY,YES,BENTON,GALLATIN,COATED,COATED,NO,LINE,NO,Motter94,827,9,TABLOID,mideuropean,1911,35,48,0.233,14.5,76,0.75,20,0,2225,62.5,37.5,4,0,2.7,1.2,33,40,106.25,90,noband
19900926,X206,WALMART,36578,NO,KEY,YES,BENTON,GALLATIN,COATED,COATED,NO,LINE,NO,Motter94,827,2,TABLOID,mideuropean,1911,35,48,0.3,14.5,74,0.75,20,0,2225,62.5,37.5,4,0,2,1.2,33,40,106.25,90,noband
19900926,R9,TARGET,34551,NO,KEY,YES,BENTON,GALLATIN,COATED,COATED,NO,LINE,YES,WoodHoe70,815,9,SPIEGEL,CANADIAN,1910,30,48,0.233,15,88,0.75,35,7.7,1800,57.7,34.6,0,0,2.8,0.8,30,40,100,90,noband
19900926,X820,TVGUIDE,25440,YES,KEY,YES,BENTON,GALLATIN,UNCOATED,UNCOATED,NO,LINE,NO,Motter94,821,2,TABLOID,NorthUS,1911,47.5,49,0.433,14.5,88,0.625,25,34.5,2000,43.5,22,0,0,2.5,0.7,40,40,96.97,90,noband
19900924,F337,MODMAT,47105,YES,KEY,YES,BENTON,GALLATIN,UNCOATED,UNCOATED,NO,LINE,YES,Motter70,813,1,CATALOG,NorthUS,1911,60,48,0.367,14,76,1,30,5.6,1600,55.6,38.8,0,0,2.5,0.7,40,40,96.97,90,noband
19900924,F126,MODMAT,47105,YES,KEY,YES,BENTON,GALLATIN,UNCOATED,UNCOATED,NO,LINE,YES,Motter70,813,5,CATALOG,NorthUS,1911,60,48,0.4,16,72,1,30,15.2,1600,44.6,40.2,0,4,2.1,0.7,40,40,96.97,90,noband
19901007,M74,CASLIVING,38059,YES,KEY,YES,BENTON,GALLATIN,UNCOATED,UNCOATED,NO,LINE,YES,Albert70,802,7,CATALOG,NorthUS,1911,42.5,52,0.333,16.8,80,0.625,40,0,1700,54.3,45.7,3,0,3,1,34,40,107.4,100,noband
19901004,G84,KMART,36197,NO,KEY,YES,BENTON,GALLATIN,UNCOATED,UNCOATED,NO,LINE,YES,WoodHoe70,815,2,TABLOID,mideuropean,1911,47.5,58,0.333,14,85,0.75,28,16.5,1800,48.5,35,0,0,2.5,0.5,35,40,114.3,100,band
19901007,M65,CASLIVING,38059,YES,KEY,YES,BENTON,GALLATIN,UNCOATED,UNCOATED,NO,LINE,NO,Albert70,802,2,CATALOG,NorthUS,1910,42.5,52,0.233,18,70,0.625,45,0,1700,58.8,41.2,0,0,3,0.7,34,40,103.125,100,noband
19901017,T178,SERVMERCH,38240,YES,KEY,YES,BENTON,GALLATIN,UNCOATED,UNCOATED,NO,XYLOL,YES,Albert70,802,7,CATALOG,mideuropean,1911,60,46,0.333,15,80,0.625,50,12.4,1391,51.5,36.1,2,0,2.7,1,38.5,40,114.29,100,noband
19901017,T200,SERVMERCH,38240,YES,KEY,YES,BENTON,GALLATIN,UNCOATED,UNCOATED,NO,XYLOL,YES,Albert70,802,2,CATALOG,mideuropean,1911,60,46,0.333,15,70,0.625,50,19,1391,47.6,33.3,0,0,2.7,0.7,38.5,40,114.29,100,noband
19901010,R34,TARGET,34522,NO,KEY,YES,BENTON,GALLATIN,COATED,UNCOATED,NO,LINE,YES,WoodHoe70,816,9,SPIEGEL,NorthUS,1911,35,50,0.3,14,74,0.25,28,0,2500,58.8,41.2,0,0,2.5,0.7,30,40,114.29,100,noband
19901010,R15,TARGET,34522,NO,KEY,YES,BENTON,GALLATIN,COATED,UNCOATED,NO,LINE,YES,WoodHoe70,816,2,SPIEGEL,NorthUS,1911,40,50,0.3,13,74,0.25,25,0,2500,58.8,41.2,2,0,2.5,0.5,30,40,114.29,100,noband
19901008,X420,AMES,34587,NO,KEY,YES,BENTON,GALLATIN,COATED,COATED,NO,LINE,NO,Motter94,827,2,TABLOID,CANADIAN,1911,30,53,0.333,14,85,0.75,30,15,2290,50,35,0,0,2,1.5,33,40,110.7,100,noband
19901008,X389,AMES,34587,NO,KEY,YES,BENTON,GALLATIN,COATED,COATED,NO,LINE,NO,Motter94,827,9,TABLOID,CANADIAN,1911,30,53,0.3,15,80,0.75,30,15,2290,50,35,0,0,2.5,1,33,40,110.7,100,noband
19901014,X37,TOYSRUS,34756,NO,KEY,NO,BENTON,GALLATIN,COATED,COATED,NO,LINE,YES,Motter94,824,2,TABLOID,CANADIAN,1911,30,54,0.333,16.3,80,0.8125,30,0,2100,60,40,3,0,2.5,1.2,30,40,114.29,100,noband
19901014,X771,TOYSRUS,34756,NO,KEY,NO,BENTON,GALLATIN,COATED,COATED,NO,LINE,YES,Motter94,824,9,TABLOID,CANADIAN,1911,30,54,0.2,14.9,72,1.25,30,3.6,2100,60.2,36.1,1.5,0,2.5,1.2,30,40,114.29,100,noband
19901031,X251,KMART,36165,YES,KEY,YES,BENTON,GALLATIN,UNCOATED,UNCOATED,NO,LINE,NO,Motter94,828,9,TABLOID,NorthUS,1910,65,42,0.233,17.5,100,1.125,25,17.5,2250,48.5,34,0,0,2.5,1,40,40,100,100,noband
19901031,X199,KMART,36165,YES,KEY,YES,BENTON,GALLATIN,UNCOATED,UNCOATED,NO,LINE,NO,Motter94,828,2,TABLOID,NorthUS,1910,65,42,0.2,17,80,1,22,15,2250,50,35,1,0,2.5,1,40,40,100,100,noband
19901108,T281,MODMAT,47106,YES,KEY,YES,BENTON,GALLATIN,UNCOATED,UNCOATED,NO,LINE,YES,Albert70,802,2,CATALOG,CANADIAN,1910,40,43,0.2,13.5,76,0.75,52,4.4,1726,55,40.6,0,0,3,1,40,40,96.77,100,noband
19901105,G81,HILLS,34716,NO,KEY,YES,BENTON,GALLATIN,UNCOATED,COATED,NO,LINE,YES,WoodHoe70,816,9,TABLOID,NorthUS,1910,40,43,0.267,16.4,79,0.3125,35,0.5,2400,59.5,40,0.5,0,2.6,1.1,35,40,96.77,100,noband
19901105,G108,HILLS,34716,NO,KEY,YES,BENTON,GALLATIN,UNCOATED,COATED,NO,LINE,YES,WoodHoe70,816,2,TABLOID,NorthUS,1910,40,43,0.233,15.6,81,0.5,34,0,2400,62.5,37.5,5,0,2.5,0.9,35,40,96.77,100,noband
19901107,G640,HILLS,34716,NO,KEY,YES,BENTON,GALLATIN,UNCOATED,COATED,NO,LINE,YES,WoodHoe70,816,7,TABLOID,NorthUS,1910,37.5,43,0.2,15.8,80,0.5,32,0,2400,62.5,37.5,5,0,2.5,0.9,35,40,96.77,100,noband
19901105,O28,TARGET,34553,NO,KEY,YES,BENTON,GALLATIN,COATED,COATED,NO,LINE,YES,Motter94,827,2,SPIEGEL,CANADIAN,1910,45,42,0.267,14.9,75,1,25,10.5,1660,52.6,36.9,0,0,2.5,1,30,40,101.67,100,noband
19901105,O21,TARGET,34553,NO,KEY,YES,BENTON,GALLATIN,COATED,COATED,NO,LINE,YES,Motter94,827,9,SPIEGEL,CANADIAN,1910,45,42,0.2,14,80,0.75,20,7.6,1800,54.3,38.1,0,0,2.5,1,30,40,101.67,100,noband
19901107,X127,KMART,36166,NO,KEY,YES,BENTON,GALLATIN,UNCOATED,COATED,NO,LINE,NO,Motter94,828,2,TABLOID,NorthUS,1910,45,43,0.2,16,80,0.75,30,3.1,2200,51,45.9,0,0,2.5,1.3,35,40,103.33,100,noband
19901107,X374,KMART,36166,NO,KEY,YES,BENTON,GALLATIN,UNCOATED,COATED,NO,LINE,NO,Motter94,828,9,TABLOID,NorthUS,1910,50,43,0.2,15.5,72,0.75,30,5.1,2200,50.6,44.3,0,0,2.5,1.3,35,40,96.77,100,noband
19901113,F601,MODMAT,47106,YES,KEY,YES,BENTON,GALLATIN,UNCOATED,UNCOATED,NO,LINE,NO,Albert70,802,7,CATALOG,NorthUS,1910,40,42,0.2,15,65,0.75,55,0,1650,62.5,37.5,0,0,2.5,1,40,40,96.77,100,band
19901125,W357,TOYSRUS,34759,NO,KEY,NO,BENTON,GALLATIN,COATED,COATED,NO,LINE,YES,WoodHoe70,816,1,SPIEGEL,CANADIAN,1910,32.5,47,0.267,16.1,88,0.3125,28,0,2189,62.5,37.5,0,0,2.4,0.8,30,40,100,100,noband
19901125,W364,TOYSRUS,34759,NO,KEY,NO,BENTON,GALLATIN,COATED,COATED,NO,LINE,YES,WoodHoe70,816,2,SPIEGEL,CANADIAN,1910,32.5,47,0.2,20,79,0.3125,29,0,2189,58.1,41.9,5,0,2.5,1.25,30,40,100,100,noband
19901119,G60,JCP,34781,NO,KEY,YES,BENTON,GALLATIN,UNCOATED,COATED,NO,LINE,YES,WoodHoe70,816,2,TABLOID,NorthUS,1910,70,43,0.3,18.1,78,0.5,28,14.4,2125,48.1,37.5,5,0,3,0.9,33,40,100,100,noband
19901119,G412,JCP,34781,NO,KEY,YES,BENTON,GALLATIN,UNCOATED,COATED,NO,LINE,YES,WoodHoe70,816,9,TABLOID,NorthUS,1910,70,43,0.233,16,77,0.8175,28,15.9,2125,46.5,37.6,3,0,1.75,0.6,33,40,100,100,noband
19901125,W406,TOYSRUS,34759,NO,KEY,NO,BENTON,GALLATIN,COATED,COATED,NO,LINE,YES,WoodHoe70,816,9,SPIEGEL,CANADIAN,1910,40,47,0.2,16.53,78,0.8125,24,0,2189,58.8,41.2,0,0,2,0.8,30,40,100,100,noband
19901120,T281,MODMAT,47106,YES,KEY,YES,BENTON,GALLATIN,UNCOATED,UNCOATED,NO,LINE,YES,Albert70,802,2,CATALOG,NorthUS,1911,40,46,0.3,15,70,0.75,50,0,1800,53.9,46.1,0,0,2.5,1,40,40,100,100,band
19901121,F601,MODMAT,47106,YES,KEY,YES,BENTON,GALLATIN,UNCOATED,UNCOATED,NO,LINE,NO,Albert70,802,7,CATALOG,NorthUS,1911,40,50,0.233,14,70,0.75,45,0,1800,60.2,39.8,0,0,2.5,1,40,40,100,100,band
19901114,X760,TVGUIDE,25447,YES,KEY,YES,BENTON,GALLATIN,UNCOATED,UNCOATED,NO,LINE,NO,Motter94,821,2,TABLOID,NorthUS,1911,45,41,0.2,15,78,0.75,20,14.6,1800,48.5,36.9,0,0,2.5,1,34,40,100,100,noband
19901115,O1,TARGET,34554,NO,KEY,YES,BENTON,GALLATIN,UNCOATED,COATED,NO,LINE,YES,Motter94,827,2,SPIEGEL,NorthUS,1910,45,42,0.2,14,75,1,20,11.2,1800,51,37.8,8,0,2.5,1,35,40,100,100,noband
19901115,O14,TARGET,34554,NO,KEY,YES,BENTON,GALLATIN,UNCOATED,COATED,NO,LINE,YES,Motter94,827,9,SPIEGEL,NorthUS,1911,45,42,0.333,14,75,1,20,0,1800,58.9,41.1,8,0,3,2,35,40,100,100,noband
19901113,X770,KMART,36167,NO,KEY,YES,BENTON,GALLATIN,UNCOATED,COATED,NO,LINE,YES,Motter94,828,2,TABLOID,SCANDANAVIAN,1910,45,41,0.333,15.8,78,1,40,0,2300,62.5,37.5,4,0,2.5,1.4,35,40,100,100,noband
19901113,X766,KMART,36167,NO,KEY,YES,BENTON,GALLATIN,UNCOATED,COATED,NO,LINE,YES,Motter94,828,9,TABLOID,SCANDANAVIAN,1910,45,41,0.2,14.6,74,1,32,21,2300,47.6,31.4,4,0,2.5,1.1,35,40,96.77,100,noband
19901206,X001,TVGUIDE,25450,YES,KEY,YES,BENTON,GALLATIN,UNCOATED,UNCOATED,NO,LINE,YES,Motter94,821,7,TABLOID,NorthUS,1910,45,42,0.4,14.8,72,0.625,20,0,1800,58.8,41.2,0,0,2.5,0.9,34,40,106.25,100,noband
19901206,G81,LURIAS,36805,YES,KEY,YES,BENTON,GALLATIN,UNCOATED,UNCOATED,NO,LINE,YES,WoodHoe70,815,9,TABLOID,mideuropean,1910,50,42,0.267,16,88,0.75,33,11.5,1650,52.1,36.4,0,0,2.5,1,38,40,106.25,100,noband
19901206,G5,LURIAS,36805,YES,KEY,YES,BENTON,GALLATIN,UNCOATED,COVER,NO,LINE,YES,WoodHoe70,815,2,TABLOID,mideuropean,1910,50,42,0.233,15,90,1,35,0,1650,55.5,44.5,0,0,2.5,1,38,40,100,100,band
19901206,X019,TVGUIDE,25450,YES,KEY,YES,BENTON,GALLATIN,UNCOATED,UNCOATED,NO,LINE,YES,Motter94,821,2,TABLOID,NorthUS,1910,50,42,0.367,15.5,73,0.625,20,3.6,1800,60.2,36.2,0,0,2.5,0.9,34,40,106.25,100,noband
19901209,W30,SHEPLERS,35001,YES,KEY,YES,BENTON,GALLATIN,UNCOATED,UNCOATED,NO,LINE,YES,WoodHoe70,816,9,SPIEGEL,NorthUS,1910,40,42,0.2,12.7,84,0.5,32,0,1750,62.5,37.5,0,0,2.5,0.9,40,40,100,100,noband
19901209,X220,GUIDEPOSTS,23048,YES,KEY,YES,BENTON,GALLATIN,UNCOATED,UNCOATED,NO,LINE,YES,Motter94,821,7,TABLOID,NorthUS,1910,40,42,0.333,15.5,64,0.625,20,10.5,1550,52.6,36.9,0,0,2,0.6,40,40,106.25,100,noband
19901209,X809,GUIDEPOSTS,23048,YES,KEY,YES,BENTON,GALLATIN,UNCOATED,UNCOATED,NO,LINE,YES,Motter94,821,2,TABLOID,NorthUS,1910,40,42,0.333,16,78,0.625,20,0,1550,62.5,37.5,0,0,2.5,1,40,40,106.25,100,noband
19901209,M208,ABBEYPRESS,27490,NO,KEY,YES,BENTON,GALLATIN,UNCOATED,COATED,NO,LINE,NO,Albert70,802,2,CATALOG,NorthUS,1910,32,42,0.233,16,70,0.625,46,0,1350,60.2,39.8,0,0,3,1,34,40,100,100,noband
19901209,F466,ABBEYPRESS,27490,NO,KEY,YES,BENTON,GALLATIN,UNCOATED,COATED,NO,LINE,NO,Albert70,802,7,CATALOG,NorthUS,1910,32,42,0.233,16,70,0.625,48,0,1350,63.9,36.1,0,0,3,1,34,40,100,100,noband
19901215,F121,HANOVERHSE,34099,YES,KEY,YES,BENTON,GALLATIN,UNCOATED,UNCOATED,NO,LINE,NO,Albert70,802,2,CATALOG,NorthUS,1910,45,41,0.267,13.3,70,0.75,50,0,1700,60.2,39.8,0,0,3,0.8,38,40,117.85,100,noband
19901215,F133,HANOVERHSE,34099,YES,KEY,YES,BENTON,GALLATIN,UNCOATED,UNCOATED,NO,LINE,NO,Albert70,802,7,CATALOG,NorthUS,1910,45,41,0.267,13.3,70,0.75,50,0,1700,63.9,36.1,0,0,3,0.7,38,40,117.85,100,noband
19901209,W30,SHEPLERS,35001,YES,KEY,YES,BENTON,GALLATIN,UNCOATED,UNCOATED,NO,LINE,NO,WoodHoe70,816,9,SPIEGEL,NorthUS,1910,35,42,0.2,15.5,80,1,26,0,1800,62.5,37.5,3,0,2.5,2,40,40,100,100,noband
19901219,X837,TVGUIDE,25452,YES,KEY,YES,BENTON,GALLATIN,UNCOATED,UNCOATED,NO,LINE,YES,Motter94,821,2,TABLOID,NorthUS,1910,65,50,0.2,15.1,75,0.625,20,19,1800,47.6,33.4,0,0,2.7,0.6,34,40,110.71,100,noband
19901212,X819,TVGUIDE,25451,YES,KEY,YES,BENTON,GALLATIN,UNCOATED,UNCOATED,NO,LINE,YES,Motter94,821,7,TABLOID,NorthUS,1910,55,40,0.3,15.1,69,0.625,20,19.5,1450,44.2,36.3,0,0,2.5,0.9,34,40,106.45,100,noband
19901212,R1,TARGET,34556,NO,KEY,YES,BENTON,GALLATIN,COATED,COATED,NO,LINE,YES,WoodHoe70,816,9,SPIEGEL,CANADIAN,1910,37.5,40,0.2,14,80,0.25,24,0,2400,58.8,41.2,2,0,2.5,0.8,30,40,106.45,100,noband
19901218,R3,TARGET,34556,NO,KEY,YES,BENTON,GALLATIN,COATED,COATED,NO,LINE,YES,WoodHoe70,816,2,SPIEGEL,CANADIAN,1910,37.5,50,0.2,15.5,95,0.625,26,0,2350,62.5,37.5,1,0,2.6,0.6,30,40,106.45,100,noband
19901214,R9,TARGET,34556,NO,KEY,YES,BENTON,GALLATIN,COATED,COATED,NO,LINE,YES,WoodHoe70,816,2,SPIEGEL,CANADIAN,1910,37.5,41,0.2,15,80,0.5,30,0,2398,58.8,41.2,9,0,2.5,0.7,30,40,106.45,100,noband
19901211,X342,AMES,34590,NO,KEY,YES,BENTON,GALLATIN,COATED,COATED,NO,LINE,YES,Motter94,827,9,TABLOID,CANADIAN,1910,50,40,0.3,15,72,0.75,30,0,2233,58.8,41.2,8,0,1.5,1,33,40,106.45,100,noband
19901211,X242,AMES,34590,NO,KEY,YES,BENTON,GALLATIN,COATED,COATED,NO,LINE,YES,Motter94,827,2,TABLOID,CANADIAN,1910,50,40,0.233,15,88,0.75,30,0,2233,58.8,41.2,8,0,3,1,33,40,106.45,100,noband
19901214,X221,ECKERDS,34693,NO,KEY,YES,BENTON,GALLATIN,COATED,COATED,NO,LINE,YES,Motter94,828,2,TABLOID,CANADIAN,1910,45,41,0.2,16.1,74,1,30,0,1800,62.5,37.5,1,0,2.5,1.2,30,40,106.45,100,noband
19901214,X108,ECKERDS,34693,NO,KEY,YES,BENTON,GALLATIN,COATED,COATED,NO,LINE,YES,Motter94,828,9,TABLOID,CANADIAN,1910,50,41,0.2,15.7,80,1,43,0,1800,62.5,37.5,1,0,2.5,1.5,30,40,106.45,100,noband
19901218,X80,ECKERDS,34694,NO,KEY,YES,BENTON,GALLATIN,COATED,COATED,NO,LINE,YES,Motter94,824,2,TABLOID,CANADIAN,1910,30,41,0.333,15.5,74,0.8125,30,2.5,1900,58,39.5,4.5,0,1.9,1.3,30,40,114.28,100,noband
19901218,F482,DOWNS,35525,YES,KEY,YES,BENTON,GALLATIN,UNCOATED,UNCOATED,NO,LINE,YES,WoodHoe70,815,2,CATALOG,NorthUS,1910,40,41,0.267,15.5,76,0.75,28,3.6,1750,60.2,36.1,4,0,3,1,40,40,117.85,100,noband
19910810,I309,CHILDCRAFT,37001,YES,KEY,YES,BENTON,GALLATIN,UNCOATED,UNCOATED,NO,LINE,NO,Albert70,802,7,CATALOG,NorthUS,1911,45,62,0.233,15,76,0.75,50,0,1500,58.8,41.2,0,0,3,1.2,38,40,103.225,100,band
19910829,I303,CHILDCRAFT,37001,YES,KEY,YES,BENTON,GALLATIN,UNCOATED,UNCOATED,NO,LINE,YES,Albert70,802,7,CATALOG,NorthUS,1910,60,60,0.233,15,80,0.75,56,14.3,1380,47.6,38.1,0,0,3,1,38,40,106.4,100,noband
19910712,T368,ABBEY,24780,NO,KEY,YES,BENTON,GALLATIN,UNCOATED,COATED,NO,LINE,YES,WoodHoe70,816,9,CATALOG,NorthUS,1911,47.5,65,0.2,14,80,0.5,27,11.5,1725,52.1,36.4,3,0,3,0.9,34,40,103.125,100,noband
19910804,Y270,KMART,37371,NO,KEY,YES,BENTON,GALLATIN,UNCOATED,COATED,NO,LINE,NO,WoodHoe70,816,2,TABLOID,NorthUS,1910,40,58,0.2,15.5,84,0.375,25,9,2000,52.8,38.2,5,0,3,1.1,35,40,103.125,100,noband
19910804,Y228,KMART,37371,NO,KEY,YES,BENTON,GALLATIN,UNCOATED,COATED,NO,LINE,YES,WoodHoe70,816,9,TABLOID,NorthUS,1910,40,58,0.267,15,80,0.1875,30,3.2,2000,53.8,43,0,0,2.5,1,35,40,103.125,100,noband
19910712,M254,ABBEY,24780,NO,KEY,YES,BENTON,GALLATIN,UNCOATED,COATED,NO,LINE,YES,WoodHoe70,816,2,CATALOG,NorthUS,1911,47.5,65,0.2,15.7,87,0.25,30,5.6,1725,55.6,38.9,3,0,3,0.85,34,40,103.125,100,noband
19910719,R15,TARGET,88231,NO,KEY,YES,BENTON,GALLATIN,COATED,COATED,NO,LINE,YES,WoodHoe70,816,9,SPIEGEL,NorthUS,1910,40,62,0.2,13.7,91,0.375,32,5.6,2300,55.6,38.9,2,0,2.5,1,33,40,100,100,noband
19910719,R43,TARGET,88231,NO,KEY,YES,BENTON,GALLATIN,COATED,COATED,NO,LINE,YES,WoodHoe70,816,2,SPIEGEL,NorthUS,1910,40,62,0.2,14.9,80,0.5,28,3.4,2303,56.8,39.8,2,0,2.5,0.6,33,40,100,100,noband
19910727,X742,AMES,37182,NO,KEY,YES,BENTON,GALLATIN,COATED,COATED,NO,LINE,YES,Motter94,821,2,TABLOID,NorthUS,1911,45,58,0.2,15,75,0.625,20,10.5,2100,52.6,36.8,0,0,2.5,0.7,33,40,103.125,100,noband
19910727,X823,AMES,37182,NO,KEY,YES,BENTON,GALLATIN,COATED,COATED,NO,LINE,YES,Motter94,821,7,TABLOID,NorthUS,1911,45,58,0.2,15,72,0.625,25,10.5,2100,52.6,36.8,5,0,2.5,0.8,33,40,103.125,100,noband
19910718,X197,TVGUIDE,25530,YES,KEY,YES,BENTON,GALLATIN,UNCOATED,UNCOATED,NO,LINE,YES,Motter94,821,7,TABLOID,NorthUS,1910,42,58,0.233,16,78,0.5,25,0,1800,58.8,41.2,5,0,2.5,1,34,40,103.125,100,noband
19911124,F25,BESTPROD,37970,NO,KEY,YES,BENTON,GALLATIN,UNCOATED,COATED,NO,LINE,YES,Albert70,802,2,CATALOG,NorthUS,1910,27.5,41,0.267,17.58,80,0.75,50,3.4,1490,56.8,39.8,0,0,3,1,35,40,103.125,100,noband
19911124,F169,BESTPROD,37970,NO,KEY,YES,BENTON,GALLATIN,UNCOATED,COATED,NO,LINE,YES,Albert70,802,7,CATALOG,NorthUS,1911,35,41,0.267,16.66,78,0.75,50,7.6,1490,54.3,38,0,0,3,1,35,40,106.7,100,noband
19910829,I325,CHILDCRAFT,37001,YES,KEY,YES,BENTON,GALLATIN,UNCOATED,UNCOATED,NO,LINE,YES,Albert70,802,2,CATALOG,NorthUS,1910,60,60,0.2,15,80,0.75,50,10.4,1380,47.2,42.5,0,0,3,1,38,40,106.5,100,noband
19910807,F629,ABBEY,24780,NO,KEY,YES,BENTON,GALLATIN,UNCOATED,COATED,NO,LINE,YES,Albert70,802,2,CATALOG,NorthUS,1910,40,60,0.2,15,80,0.625,50,0,1400,58.8,41.2,0,0,3,0.6,34,40,103.1,100,noband
19910807,F321,ABBEY,24780,NO,KEY,YES,BENTON,GALLATIN,UNCOATED,COATED,NO,LINE,YES,Albert70,802,7,CATALOG,NorthUS,1910,40,60,0.2,15,80,0.625,50,6.6,1400,54.9,38.5,6,0,3,1.1,34,40,103.1,100,noband
19910817,R18,SHEPLERS,35529,YES,KEY,YES,BENTON,GALLATIN,UNCOATED,UNCOATED,NO,LINE,YES,Albert70,802,2,SPIEGEL,NorthUS,1910,45,58,0.2,17,72,0.75,30,3.2,1470,53.8,43,0,0,3,1,34,40,100,100,noband
19910903,X408,TOYSRUS,35874,NO,KEY,NO,BENTON,GALLATIN,COATED,COATED,NO,LINE,NO,Motter94,824,2,TABLOID,NorthUS,1910,40,62,0.3,16.1,82,0.812,30,5.7,1800,56.8,37.5,10,0,0.7,0.5,30,40,106.5,100,noband
19910903,X264,TOYSRUS,35874,NO,KEY,NO,BENTON,GALLATIN,COATED,COATED,NO,LINE,NO,Motter94,824,9,TABLOID,NorthUS,1911,40,62,0.233,16.1,78,0.5625,25,5.5,1800,55,39.5,0,0,1.6,1.5,30,40,103.23,100,noband
19910729,X201,WARDS,37508,NO,KEY,YES,BENTON,GALLATIN,COATED,COATED,NO,LINE,YES,Motter94,824,9,TABLOID,NorthUS,1910,45,57,0.233,15,88,0.5625,30,10.4,1900,52.1,37.5,0,0,2.5,1.8,30,40,100,100,noband
19910818,X57,WARDS,37513,NO,KEY,YES,BENTON,GALLATIN,COATED,COATED,NO,LINE,YES,Motter94,824,2,TABLOID,NorthUS,1911,40,59,0.3,16.4,85,0.8125,30,0,1900,58.8,41.2,10,0,2,0.8,30,40,96.88,100,noband
19910730,X799,ROSES,35761,NO,KEY,YES,BENTON,GALLATIN,COATED,COATED,NO,LINE,YES,Motter94,828,2,TABLOID,NorthUS,1910,35,59,0.2,16.1,82,0.75,28,0,2500,58.8,41.2,0,0,2.5,1.3,30,40,100,100,noband
19910730,X753,ROSES,35761,NO,KEY,YES,BENTON,GALLATIN,COATED,COATED,NO,LINE,YES,Motter94,828,9,TABLOID,NorthUS,1910,35,59,0.2,16.1,84,0.75,30,0,2500,55,45,0,0,2.5,1.1,30,40,100,100,noband
19920105,I365,CHILDCRAFT,34250,YES,KEY,YES,BENTON,GALLATIN,UNCOATED,COVER,NO,LINE,NO,WoodHoe70,816,2,CATALOG,NorthUS,1911,50,47,0.2,15,80,0.625,28,0,1750,59,41,0,0,1,1,38,40,91.89,100,band
19911104,G634,TOYSRUS,35880,NO,KEY,NO,BENTON,GALLATIN,COATED,COATED,NO,LINE,YES,WoodHoe70,816,2,CATALOG,NorthUS,1910,40,38,0.2,16.5,85,0.625,30,4.3,1900,53.2,42.5,0,0,3,1,30,40,103.13,100,band
19911103,G634,TOYSRUS,35880,NO,KEY,NO,BENTON,GALLATIN,COATED,COATED,NO,LINE,YES,WoodHoe70,816,2,TABLOID,NorthUS,1910,40,40,0.2,15.7,85,0.3125,27,4.3,2050,53.2,42.5,1,0,2.5,1.5,30,40,103.13,100,band
19911102,G69,TOYSRUS,35880,NO,KEY,NO,BENTON,GALLATIN,COATED,COATED,NO,LINE,YES,WoodHoe70,816,2,TABLOID,NorthUS,1911,40,40,0.3,14.9,75,0.625,28,4.3,2000,53.2,42.5,4,0,2.5,1.5,30,40,117.86,100,band
19910822,R30,SHEPLERS,35529,YES,KEY,YES,BENTON,GALLATIN,UNCOATED,UNCOATED,NO,LINE,YES,Albert70,802,7,SPIEGEL,NorthUS,1911,47.5,58,0.217,13.1,70,0.75,55,10,1660,50,40,0,0,2.9,1,34,40,96.88,100,band
19910810,I324,CHILDCRAFT,37001,YES,KEY,YES,BENTON,GALLATIN,UNCOATED,UNCOATED,NO,LINE,YES,Albert70,802,7,CATALOG,NorthUS,1911,50,62,0.267,11.2,80,0.75,50,0,1570,58.8,41.2,0,0,3,1,38,40,103.23,100,band
19910724,M374,USCAV,35522,YES,KEY,YES,BENTON,GALLATIN,UNCOATED,UNCOATED,NO,LINE,NO,Albert70,802,7,CATALOG,NorthUS,1911,37.5,65,0.2,16,80,0.625,50,6.6,1640,54.9,38.5,3,0,3,1,32,40,103.13,100,band
19920709,I347,MODMAT,47304,YES,KEY,YES,BENTON,GALLATIN,UNCOATED,UNCOATED,NO,LINE,YES,WoodHoe70,815,9,CATALOG,NorthUS,1911,50,67,0.3,14.5,86,0.75,22,0,1300,58.8,41.2,0,0,2.5,2,30,40,102.77,100,band
